"week","btc_price","ln_btc","mining_cost_proxy","ln_mining_cost","ln_mining_cost_lag1","ln_oil_lag1","ln_oil_lag2","vix_lag1","treasury_lag1","sp500_return_lag1"
2016-01-17,392.870143345424,5.97347913320976,132318471477.301,25.6084775164418,NA,3.42067316315097,3.54460485112632,24.5919998168945,0.209140000343323,-0.0339495143240551
2016-01-24,388.548575265067,5.96241819484906,154535724381.079,25.7636911323232,25.6084775164418,3.37356919428329,3.42067316315097,25.6675000190735,0.202150005102158,-0.0167928534680826
2016-01-31,376.983572823661,5.93220161308662,150176110737.912,25.7350745139457,25.7636911323232,3.47153157729263,3.37356919428329,22.476000213623,0.198659999370575,0.0107525264616459
2016-02-07,380.503134591239,5.94149441535254,162252063315.732,25.8124169093418,25.7350745139457,3.44291495891517,3.47153157729263,21.7659996032715,0.18845999956131,0.0055839092486254
2016-02-14,415.935285295759,6.03052968396701,184734047049.046,25.9421830441915,25.8124169093418,3.33740525887484,3.44291495891517,26.4740001678467,0.171220002174377,-0.0318155984332913
2016-02-21,430.207427978516,6.06426748302235,211035028655.421,26.0752899692288,25.9421830441915,3.40211363352811,3.33740525887484,22.147500038147,0.177599999308586,0.0341240605845492
2016-02-28,423.353284563337,6.04820701856377,226664829367.907,26.1467382406858,26.0752899692288,3.47413800842811,3.40211363352811,19.9999996185303,0.174240000247955,0.012850743605286
2016-03-06,414.472141810826,6.02700576317516,239579957912.875,26.2021530515791,26.1467382406858,3.54558627988504,3.47413800842811,17.7800003051758,0.182700002193451,0.0198201648396585
2016-03-13,414.993852887835,6.02826370780252,248281295941.096,26.237828198154,26.2021530515791,3.63246783391063,3.54558627988504,17.7819999694824,0.190639998912811,0.00922086596427274
2016-03-20,416.386858258929,6.03161477586556,265804467893.495,26.3060267923149,26.237828198154,3.64607632621449,3.63246783391063,15.4420000076294,0.19268000125885,0.0169778268281444
2016-03-27,419.698569161551,6.03953676114038,253038039608.205,26.2568056685545,26.3060267923149,3.69268470875512,3.64607632621449,14.4099998474121,0.190824997425079,0.00634276260254207
2016-04-03,421.756569998605,6.04442829925046,248702191231.424,26.2395219984585,26.2568056685545,3.64346358499474,3.69268470875512,13.9340000152588,0.181840002536774,0.00692162597823298
2016-04-10,425.362574986049,6.05294192284066,284923887195.632,26.3754879190761,26.2395219984585,3.61802771150407,3.64346358499474,15.0299999237061,0.173440001010895,-0.00204905508443076
2016-04-17,439.761714390346,6.08623302201294,300751329652.959,26.4295496129151,26.3754879190761,3.71916613561612,3.61802771150407,14.4580001831055,0.175999999046326,0.00797109585732247
2016-04-24,454.740421840123,6.1197267547028,320123431975.282,26.4919724832902,26.4295496129151,3.73957257568173,3.71916613561612,13.4079999923706,0.183359999656677,0.0125742123618089
2016-05-01,451.383571079799,6.11231746823993,316141127849.9,26.479454557954,26.4919724832902,3.80202954795869,3.73957257568173,14.5460000991821,0.187000000476837,-0.0062068548382026
2016-05-08,455.537283761161,6.12147756573484,338963977202.351,26.5491596767407,26.479454557954,3.78958414202692,3.80202954795869,15.3920000076294,0.179500000476837,-0.0108170058230534
2016-05-15,449.24456351144,6.107567424336,373171281616.347,26.645303351234,26.5491596767407,3.81656880585406,3.78958414202692,14.4679998397827,0.174379999637604,0.00141305248379986
2016-05-22,462.277993338449,6.13616642730533,385805754311.234,26.678599852577,26.645303351234,3.87174253537419,3.81656880585406,15.5459999084473,0.181719999313355,-0.00626091167159881
2016-05-29,544.042271205357,6.29902694825872,390452328128.186,26.6905717197168,26.678599852577,3.89210598590827,3.87174253537419,14.1379999160767,0.18481999874115,0.0145169335545701
2016-06-05,582.511849539621,6.36734952779024,396812650737.634,26.7067300937482,26.6905717197168,3.89130993267432,3.89210598590827,13.8724999427795,0.17987499833107,0.00928385440178303
2016-06-12,718.375994001116,6.57699310050694,375763482185.864,26.65222574567,26.7067300937482,3.91565639605243,3.89130993267432,14.6900001525879,0.16922000169754,0.00488030636806247
2016-06-19,674.02485874721,6.51326699264643,397566494241.269,26.708628038161,26.65222574567,3.86940773601295,3.91565639605243,20.0779998779297,0.160099999904633,-0.0169275637063926
2016-06-26,660.695434570312,6.49329296902303,404462435555.053,26.7258247027669,26.708628038161,3.89222837187443,3.86940773601295,20.2060001373291,0.167399997711182,0.00319869361590275
2016-07-03,664.047005789621,6.49835293882265,393891732142.888,26.6993419169667,26.7258247027669,3.87693456298439,3.89222837187443,17.9280000686646,0.146840000152588,-0.00956876435656007
2016-07-10,656.87686593192,6.48749658224666,778274411950.229,27.3803450135246,26.6993419169667,3.83178860197075,3.87693456298439,14.625,0.137624999880791,0.0202500147332163
2016-07-17,666.04301234654,6.5013542515579,764203957515.573,27.3621005505843,27.3803450135246,3.8196445179687,3.83178860197075,13.1239999771118,0.150800001621246,0.0232186147916007
2016-07-24,655.513131277902,6.48541833546367,719760062374.216,27.302183746715,27.3621005505843,3.80118082824677,3.8196445179687,12.1880001068115,0.157200002670288,0.00709546978699915
2016-07-31,583.697579520089,6.36938300541357,673942029950.543,27.2364099351843,27.302183746715,3.74104484564564,3.80118082824677,12.6680000305176,0.152359998226166,0.000369748549540638
2016-08-07,589.416442871094,6.37913296755799,696063196037.545,27.2687062920634,27.2364099351843,3.70931913858392,3.74104484564564,12.4959999084473,0.153200001716614,-0.000841057589994421
2016-08-14,574.287580217634,6.35313028168766,791076191575.452,27.3966601231795,27.2687062920634,3.7634302009571,3.70931913858392,11.6880001068115,0.154499995708466,0.00636232558219874
2016-08-21,579.859566824777,6.36278594805901,823905247642.084,27.4373213695183,27.3966601231795,3.85375812317497,3.7634302009571,11.8820001602173,0.156079998016357,0.00123228045079582
2016-08-28,578.1494140625,6.35983233710477,796946479842.779,27.4040533614652,27.4373213695183,3.85815798335942,3.85375812317497,13.0760000228882,0.157260000705719,-0.0032025271950582
2016-09-04,616.127136230469,6.42345333222256,811631180650.401,27.4223118629013,27.4040533614652,3.80945856489937,3.85815798335942,12.9879997253418,0.157400000095367,-0.000753484069228705
2016-09-11,607.857012067522,6.40993967678707,792105598571.097,27.3979605514021,27.4223118629013,3.82771706633548,3.80945856489937,13.4925000667572,0.159300002455711,-0.0024023909801123
2016-09-18,603.760995047433,6.40317841605965,805338078895.792,27.4145279999843,27.3979605514021,3.79193232224642,3.82771706633548,16.56399974823,0.169979999065399,-0.014286495878542
2016-09-25,607.02485874721,6.40856974367597,902073944511.819,27.5279623320435,27.4145279999843,3.79719558527425,3.79193232224642,13.8120000839233,0.165979998111725,0.00797133337806955
2016-10-02,613.569989885603,6.41929434058712,955568490790.336,27.5855722786338,27.5279623320435,3.84468591047507,3.79719558527425,13.4600002288818,0.157540001869202,0.00119828838384795
2016-10-09,632.688581194196,6.44997832824886,1043190985681.38,27.6733053870552,27.5855722786338,3.90229585706537,3.84468591047507,13.3019998550415,0.169979996681213,-0.00100729779008013
2016-10-16,638.61186000279,6.45929685198857,1046955072322.24,27.6769071360292,27.6733053870552,3.92078450277759,3.90229585706537,15.4920001983643,0.175840001106262,-0.0075222509181927
2016-10-23,677.023856026786,6.51770651014489,1006681841457.41,27.637680732829,27.6769071360292,3.92438625175165,3.92078450277759,14.5979997634888,0.175079998970032,-0.00114120233980408
2016-10-30,709.830147879464,6.56502571307692,923576200776.014,27.5515191462039,27.637680732829,3.904313369739,3.92438625175165,14.4540000915527,0.179980001449585,4.48639760284308e-05
2016-11-06,712.110430036272,6.56823299775102,915614189659.988,27.5428609225675,27.5515191462039,3.81815178311386,3.904313369739,19.9059997558594,0.180960001945496,-0.0173300611852243
2016-11-13,729.578151157924,6.59246649198212,952113894048.081,27.581950501187,27.5428609225675,3.80555075667436,3.81815178311386,16.1479997634888,0.196975001692772,0.0241242503960191
2016-11-20,740.504996163504,6.6073323806986,1068250922055.15,27.6970437746156,27.581950501187,3.81025601446868,3.80555075667436,13.5540000915527,0.225879998207092,0.011477322195244
2016-11-27,750.716561453683,6.62102816568326,1102360107480.16,27.7284745495773,27.6970437746156,3.85830572775242,3.81025601446868,12.4000000953674,0.234725004434586,0.0121781509511623
2016-12-04,769.026009695871,6.64512479168512,1169224334141.19,27.7873616826091,27.7284745495773,3.88973650271408,3.85830572775242,13.51399974823,0.236420001983643,-0.00324978652867713
2016-12-11,780.811288016183,6.66033349198232,1239921465407.93,27.8460691591913,27.7873616826091,3.93115875092202,3.88973650271408,12.1080001831055,0.239619998931885,0.0158714250763161
2016-12-18,843.392429896763,6.73743236557472,1304184563891.79,27.8965991061445,27.8460691591913,3.94989667842459,3.93115875092202,12.7079999923706,0.253239998817444,0.0122898028880947
2016-12-25,944.484279087612,6.8506390421102,1344767546588.08,27.9272422862303,27.8965991061445,3.9619934304282,3.94989667842459,11.460000038147,0.255040001869202,0.00187046686283932
2017-01-01,1006.11585344587,6.91385250650004,1355512867599.96,27.9352009987209,27.9272422862303,3.98643452418882,3.9619934304282,13.0874998569489,0.249800002574921,-0.00572210264447648
2017-01-08,849.527570452009,6.74468039550236,1363690761907.14,27.941215935502,27.9352009987209,3.97659277679268,3.98643452418882,11.9225001335144,0.242199999094009,0.00748507250696662
2017-01-15,880.539419991629,6.78053469694164,1397124011019.5,27.9654369617836,27.941215935502,3.95281938438595,3.97659277679268,11.4159999847412,0.23731999874115,0.00132147234241486
2017-01-22,914.120003836496,6.81796185806161,1670125284754.09,28.1439197603541,27.9654369617836,3.94811381821355,3.95281938438595,12.1674997806549,0.241049998998642,-0.00129725916833756
2017-01-29,983.416294642857,6.89103252454044,1676789998287.04,28.1479023662933,28.1439197603541,3.97266644025695,3.94811381821355,10.9720001220703,0.24771999835968,0.00803703776424936
2017-02-05,1025.34527587891,6.93278468936577,1785815253008.02,28.2108961512676,28.1479023662933,3.97664904619615,3.97266644025695,11.7160001754761,0.247379999160767,-0.00152454645638311
2017-02-12,1018.56042480469,6.92614556115762,1819684659966.58,28.2296843382507,28.2108961512676,3.96794953932839,3.97664904619615,11.1680000305176,0.239140000343323,0.00756400743096464
2017-02-19,1120.6899937221,7.0216998404218,1904962616673.63,28.2754835005213,28.2296843382507,3.97405841068857,3.96794953932839,11.4059999465942,0.245620002746582,0.0180194407737968
2017-02-26,1218.39855957031,7.10529261934972,1888865312581.62,28.2669974009962,28.2754835005213,3.9894006448089,3.97405841068857,11.6224999427795,0.238749998807907,0.00940862739686299
2017-03-05,1199.21855817522,7.08942542213164,1875441867572.54,28.2598654102922,28.2669974009962,3.98091454528383,3.9894006448089,12.0640001296997,0.243420004844666,0.00591961937565966
2017-03-12,1172.10972377232,7.06656058672093,1816835586482.2,28.2281174149976,28.2598654102922,3.9294306076839,3.98091454528383,11.7019998550415,0.254739999771118,-0.00423276419023377
2017-03-19,1029.93414306641,6.93725014040903,1821151783158.04,28.2304902647425,28.2281174149976,3.88160504301545,3.9294306076839,11.5540000915527,0.254679999351501,0.00334286680913998
2017-03-26,1039.7621547154,6.94674726859115,1890741256089.15,28.2679900670991,28.2304902647425,3.86815472682772,3.88160504301545,12.5400001525879,0.24246000289917,-0.0108234229937016
2017-04-02,1148.50573730469,7.04621701759311,2049386706856.69,28.3485616969324,28.2679900670991,3.89816743376415,3.86815472682772,11.8719999313354,0.239599990844727,0.00307374647180847
2017-04-09,1184.24572753906,7.07686133406171,2171200187612.79,28.4063012124367,28.3485616969324,3.937144811463,3.89816743376415,12.4640001296997,0.235459995269775,-0.000601439797572212
2017-04-16,1211.66428920201,7.09975013915344,2128149539152.13,28.3862739570969,28.4063012124367,3.97391742904592,3.937144811463,15.2125000953674,0.229675006866455,-0.00458881476025486
2017-04-23,1279.98999023438,7.15460753675369,2057854420967.48,28.3526850127273,28.3862739570969,3.93335387374009,3.97391742904592,14.5579999923706,0.222219996452332,0.000245057005176186
2017-04-30,1483.47427804129,7.30214210088241,1971476892840.07,28.3098040695969,28.3526850127273,3.89877565709384,3.93335387374009,10.7260000228882,0.22978000164032,0.0160023189465885
2017-05-07,1748.60998535156,7.46657645721405,2036740644920.66,28.3423719229859,28.3098040695969,3.85464810338437,3.89877565709384,10.4819999694824,0.232760000228882,0.00278564160150196
2017-05-14,1868.85285295759,7.5330800739964,2206374898291.18,28.4223719671492,28.3423719229859,3.85146590338115,3.85464810338437,10.1880001068115,0.238640003204346,0.00207451751195098
2017-05-21,2217.84708077567,7.70429222088775,2332684181708.38,28.4780407297695,28.4223719671492,3.89694996911479,3.85146590338115,12.6719999313354,0.227220001220703,-0.00617862615297327
2017-05-28,2326.4385811942,7.7520938712776,2312177038289.8,28.4692106374618,28.4780407297695,3.92102239769331,3.89694996911479,10.2940002441406,0.226200003623962,0.0100480515951187
2017-06-04,2767.30287388393,7.92562843309699,2528028482969.4,28.5584608591471,28.4692106374618,3.88156379794344,3.92102239769331,10.1075000762939,0.219725000858307,0.00742020920924613
2017-06-11,2640.02144949777,7.87854232091712,2459500847341.36,28.5309795376995,28.5584608591471,3.84065590022327,3.88156379794344,10.3539999008179,0.217999997138977,0.00385727485545395
2017-06-18,2658.26000976562,7.88542705607122,2456323231461.11,28.5296867264549,28.5309795376995,3.81317457877567,3.84065590022327,10.760000038147,0.217540001869202,0.000751078496784352
2017-06-25,2521.40143694196,7.83257015169546,2543093428576.67,28.5644023412047,28.5296867264549,3.76449699632827,3.81317457877567,10.4959999084473,0.21590000629425,0.00210324978237431
2017-07-02,2567.53142438616,7.85070018102135,2578811808424.26,28.5783498694108,28.5644023412047,3.79921261107815,3.76449699632827,10.7219999313354,0.2225,-0.00465470966951376
2017-07-09,2316.81858607701,7.74795022446456,2580087462505.84,28.5788444144835,28.5783498694108,3.81743756713141,3.79921261107815,11.5049998760223,0.236074995994568,-0.00178460372618527
2017-07-16,2435.14569963728,7.7977618693066,2987684792010.32,28.7255198863394,28.5788444144835,3.81793211220414,3.81743756713141,10.3420000076294,0.234539999961853,0.00680074886571003
2017-07-23,2685.48999023438,7.89561848200078,3219354678548.61,28.8002020450114,28.7255198863394,3.83773041070764,3.81793211220414,9.68799991607666,0.226760001182556,0.0111039461629998
2017-07-30,2859.28281947545,7.95832610994657,3406891948117.88,28.856821539434,28.8002020450114,3.87838348649021,3.83773041070764,9.77200012207031,0.229219999313354,0.00265619105622594
2017-08-06,3467.41427176339,8.15116442852745,3488783719307.34,28.8805742869046,28.856821539434,3.90209386941873,3.87838348649021,10.2199998855591,0.225999999046326,6.62996651579206e-05
2017-08-13,4234.70860072545,8.35106979733404,3508581045096.59,28.8862328110147,28.8805742869046,3.89398122195567,3.90209386941873,12.7100002288818,0.223639993667603,-0.00517210425082748
2017-08-20,4200.01715959821,8.34284388988174,3459348631414.43,28.872101430459,28.8862328110147,3.86081390388814,3.89398122195567,13.1840000152588,0.222080001831055,-0.00449932738882364
2017-08-27,4583.43282645089,8.43020352178029,3318067917121.71,28.8304037767826,28.872101430459,3.86585339371503,3.86081390388814,12.0599998474121,0.218579998016357,-0.0038575787994013
2017-09-03,4406.80140904018,8.39090440120812,3511909548292.6,28.8871810363278,28.8304037767826,3.84370132805618,3.86585339371503,10.9920000076294,0.214319996833801,0.00729619256266645
2017-09-10,3816.44573102679,8.24707483157154,3622690948546.9,28.9182382215662,28.8871810363278,3.8835720861143,3.84370132805618,11.8824999332428,0.207500004768372,0.00130605126654881
2017-09-17,3790.44852120536,8.2402396344004,4328590221862.6,29.0962630210636,28.9182382215662,3.89337010573576,3.8835720861143,10.4839998245239,0.217799997329712,0.0134251285983806
2017-09-24,4054.06284877232,8.30747482979566,4580791062769.5,29.1528928202688,29.0962630210636,3.91605485985466,3.89337010573576,9.87399997711182,0.225780005455017,0.00342153194123096
2017-10-01,4355.14432198661,8.37911302811445,4514513886538.1,29.1383186306751,29.1528928202688,3.94920318125703,3.91605485985466,9.86200008392334,0.2278600025177,0.000669030899574707
2017-10-08,5130.98291015625,8.54305252023212,4564683091454.06,29.1493702061975,29.1383186306751,3.91625404742593,3.94920318125703,9.48599987030029,0.234419994354248,0.0137030237189393
2017-10-15,5764.50711495536,8.65947493294328,4950892075381.75,29.2305888935208,29.1493702061975,3.92730562294836,3.91625404742593,9.95599994659424,0.23308000087738,0.00407497629915277
2017-10-22,5807.85707310268,8.66696694757626,5576734543178.79,29.3496245137055,29.2305888935208,3.94565119821149,3.92730562294836,10.0620000839233,0.232920002937317,0.00476025033737226
2017-10-29,6740.89997209821,8.81594872200995,6346236659327.63,29.4788831010711,29.3496245137055,3.96305828160755,3.94565119821149,10.9119998931885,0.242119994163513,0.00133807469966474
2017-11-05,7021.93715122768,8.85679440642169,6631225671388.02,29.5228107705198,29.4788831010711,4.00007051994136,3.96305828160755,9.99000015258789,0.236239991188049,0.00485160774412474
2017-11-12,7118.81145368304,8.87049605980905,6101258921731.71,29.439516246426,29.5228107705198,4.04399818939003,4.00007051994136,10.1719999313354,0.233660001754761,0.00370997046262467
2017-11-19,8235.04568917411,9.01615419076564,6233291597891.43,29.4609256555731,29.439516246426,4.02349281961224,4.04399818939003,11.8820001602173,0.236620006561279,-0.00388990468799566
2017-11-26,10197.1583426339,9.22986436659846,6231983017488.29,29.4607156994433,29.4609256555731,4.05130658646914,4.02349281961224,9.98249983787537,0.2349249958992,0.00641837514363175
2017-12-03,14119.4143415179,9.55530603295742,6700758538643.72,29.5332418506401,29.4607156994433,4.05754226836264,4.05130658646914,10.6619998931885,0.236420001983643,0.0129015262268792
2017-12-10,17140.5859375,9.74920437695253,7281726135923.09,29.6163890566147,29.5332418506401,4.04340207813244,4.05754226836264,10.7540000915527,0.236479992866516,0.00322280378242912
2017-12-17,16712.8856026786,9.72393529385479,8677423376165.88,29.7917457544695,29.6163890566147,4.04679862261604,4.04340207813244,9.87000007629394,0.236760001182556,0.00966066850991787
2017-12-24,14586.5142299107,9.58785269795569,8986036166811.38,29.8266929513638,29.7917457544695,4.0588555474538,4.04679862261604,9.75999984741211,0.246359996795654,0.00778200128687168
2017-12-31,15507.4857700893,9.6490781392321,9337511700372.04,29.8650609194386,29.8266929513638,4.09380274434816,4.0588555474538,10.4850001335144,0.242949998378754,-0.00100299332498377
2018-01-07,14708.9998604911,9.59621482083475,9774949278722.87,29.9108440329091,29.8650609194386,4.11679888695085,4.09380274434816,9.34000015258789,0.246025002002716,0.0140500253074549
2018-01-14,12321.771484375,9.41912301606697,11362914115817.3,30.0613760206045,29.9108440329091,4.14744289514641,4.11679888695085,9.8920000076294,0.253179998397827,0.0150402307442707
2018-01-21,11232.9716796875,9.32660863246751,11592649923392.8,30.0813923859205,30.0613760206045,4.15504761413052,4.14744289514641,11.7650001049042,0.259250003099442,0.0131804275863932
2018-01-28,10083.7571149554,9.21868120183719,13579317205540.2,30.2395689573797,30.0813923859205,4.17506397944654,4.15504761413052,11.2520000457764,0.264520001411438,0.0168495299736673
2018-02-04,8033.15004185268,8.99133201418345,13570800942502.3,30.2389416110624,30.2395689573797,4.17758216360018,4.17506397944654,14.589999961853,0.275440001487732,-0.00974231411283544
2018-02-11,9523.21156529018,9.16148742019112,13895025309285.9,30.2625520005885,30.2389416110624,4.12610160713894,4.17758216360018,31.5099994659424,0.281719999313355,-0.0628243726139539
2018-02-18,10570.0528738839,9.26578008111137,15030904656190.2,30.3411295079147,30.2625520005885,4.10132017090762,4.12610160713894,21.6859996795654,0.287560005187988,0.0190740260743851
2018-02-25,10668.8616071429,9.27508464761449,14955118454266.9,30.3360747286924,30.3411295079147,4.13476648282697,4.10132017090762,18.9574999809265,0.290600001811981,0.00776393397783259
2018-03-04,10204.2756696429,9.23056209473791,16100650582479.1,30.4098807959522,30.3360747286924,4.12971170360463,4.13476648282697,19.260000038147,0.285920000076294,0.00151272321536844
2018-03-11,8686.35700334821,9.06950891325731,16140290622064.4,30.4123397849319,30.4098807959522,4.12221909750415,4.12971170360463,17.206000328064,0.288020000457764,0.00694084480255253
2018-03-18,8710.47000558036,9.07228102999577,17773091668369,30.508706725425,30.4123397849319,4.11597557438452,4.12221909750415,16.35,0.284179997444153,0.00696403162720127
2018-03-25,7646.06438337054,8.94194633475066,18013530726135.2,30.522144298442,30.508706725425,4.16141113942294,4.11597557438452,20.6580005645752,0.285859999656677,-0.0311689959609476
2018-04-01,6942.40848214286,8.84540403683161,17723271781338.7,30.5058996818351,30.522144298442,4.17484871243996,4.16141113942294,21.5925002098083,0.278624999523163,-0.0171526866126603
2018-04-08,7338.39711216518,8.9008757206716,19303413170185.6,30.5913030443997,30.5058996818351,4.14468906655262,4.17484871243996,21.0420001983643,0.2782200050354,-0.00289248381873097
2018-04-15,8355.57282366071,9.0306839992611,20755654132782.7,30.6638398138139,30.5913030443997,4.19029090049675,4.14468906655262,19.6759998321533,0.280720000267029,0.0094287878826762
2018-04-22,9127.66001674107,9.11906464465424,20927655717325.9,30.6720926402522,30.6638398138139,4.21325288229633,4.19029090049675,16.0499998092651,0.287560000419617,0.0167588001277199
2018-04-29,9473.904296875,9.15629638177287,22002272724890.4,30.722166869628,30.6720926402522,4.22150570873456,4.21325288229633,16.7700000762939,0.298540000915527,-0.0130935204168097
2018-05-06,9082.58998325893,9.11411467136904,23059954568104.2,30.7691186606073,30.722166869628,4.2250803886741,4.22150570873456,15.6120000839233,0.29532000541687,-0.0037287683882905
2018-05-13,8416.05852399554,9.03789688885012,23638671294885,30.7939051010867,30.7691186606073,4.25700180943422,4.2250803886741,13.7519998550415,0.297300000190735,0.019567465817186
2018-05-20,7850.74281529018,8.9683634324513,23737596666342,30.7980812643637,30.7939051010867,4.2669804505295,4.25700180943422,13.5660001754761,0.306919994354248,0.00767879231120627
2018-05-27,7437.484375,8.91428794901134,23067160607190,30.7694311032613,30.7980812643637,4.26211630359594,4.2669804505295,12.9260000228882,0.300900001525879,0.0031347440684204
2018-06-03,7622.51429966518,8.93886155484165,24452872154414.6,30.8277687954785,30.7694311032613,4.20390873355933,4.26211630359594,15.2125000953674,0.28317499756813,-0.00533905628180609
2018-06-10,6615.3271484375,8.79714453087228,26169925275759.6,30.8956319771268,30.8277687954785,4.17957378070247,4.20390873355933,12.2180000305176,0.294019999504089,0.0182750061927095
2018-06-17,6536.64139229911,8.78517876396189,26549042016583.2,30.9100147807276,30.8956319771268,4.19283149510913,4.17957378070247,12.3459999084473,0.295220003128052,0.00643555177597666
2018-06-24,6171.27852957589,8.7276613125441,29162717355978.1,31.003912206518,30.9100147807276,4.19346565953871,4.19283149510913,13.3720003128052,0.290880002975464,-0.00709583223259092
2018-07-01,6613.81570870536,8.79691602933517,31626394465971.7,31.0850131557898,31.003912206518,4.27380091050335,4.19346565953871,16.8200000762939,0.285559997558594,-0.0170812378406238
2018-07-08,6426.18143136161,8.76813577322706,30867325930597.6,31.0607193271272,31.0850131557898,4.30007066434226,4.27380091050335,15.0199999809265,0.284375,0.00704795248087553
2018-07-15,7147.64139229911,8.87453770606434,29081703695264.1,31.0011303533724,31.0607193271272,4.27577683567964,4.30007066434226,12.7440000534058,0.285179996490478,0.020359777602291
2018-07-22,8006.28571428571,8.98798222643581,28504234328548.7,30.9810737650988,31.0011303533724,4.23358462842858,4.27577683567964,12.5440000534058,0.286779999732971,0.00559584744500174
2018-07-29,7691.24002511161,8.94783730114004,32745703293338.7,31.1197928722527,30.9810737650988,4.23123282049401,4.23358462842858,12.4979999542236,0.295699996948242,0.00708746614875189
2018-08-05,6589.69566127232,8.79326244452912,32323055030062.4,31.1068018695593,31.1197928722527,4.2312037449393,4.23123282049401,12.8139999389648,0.297620000839233,-0.00211761650424158
2018-08-12,6352.515625,8.75660617485284,33798975449208.3,31.1514516058045,31.1068018695593,4.21821274224576,4.2312037449393,11.496000289917,0.293480000495911,0.0108341166581338
2018-08-19,6528.29987444196,8.78390183223747,34885937987422.8,31.1831049409452,31.1514516058045,4.19153177549813,4.21821274224576,13.7640001296997,0.287360000610352,-0.00579291372301327
2018-08-26,6992.05712890625,8.85253008791215,37345251106252.6,31.2512268736741,31.1831049409452,4.21416996250949,4.19153177549813,12.3999998092651,0.282740001678467,0.00999989142565205
2018-09-02,6844.212890625,8.83115874069794,36879995552234.9,31.2386903940159,31.2512268736741,4.23977160644356,4.21416996250949,12.6599998474121,0.286579999923706,0.0137003856068256
2018-09-09,6410.96861049107,8.76576564777984,38716779647381.3,31.2872942046142,31.2386903940159,4.22723512678541,4.23977160644356,14.1499998569489,0.290624994039536,-0.00636975167891407
2018-09-16,6506.40290178571,8.78054203284191,39846658998385.2,31.3160596782118,31.2872942046142,4.2333525910955,4.22723512678541,12.9920000076294,0.296680002212524,0.00306676945686846
2018-09-23,6595.76429966518,8.79418294921221,41347943229947.9,31.353043795652,31.3160596782118,4.25265801343539,4.2333525910955,12.3400001525879,0.305560002326965,0.00677913335890246
2018-09-30,6580.19287109375,8.79181933560616,42985610755924.7,31.3918865420367,31.353043795652,4.2802707341661,4.25265801343539,12.4079999923706,0.30706000328064,0.000508071071986471
2018-10-07,6471.45152064732,8.77515570864642,43504810931678.4,31.4038926440384,31.3918865420367,4.31911348055072,4.2802707341661,12.939999961853,0.314379997253418,-0.0005609362847947
2018-10-14,6494.18861607143,8.77866299690861,41128763969701.4,31.347728845925,31.4038926440384,4.28971942967466,4.31911348055072,20.17799949646,0.318799996376038,-0.03599272487837
2018-10-21,6481.78717912946,8.77675155056907,38769013972471.3,31.2886424345428,31.347728845925,4.25197489878922,4.28971942967466,19.253999710083,0.317419996261597,-0.00997917737075849
2018-10-28,6371.19705636161,8.75954265184717,37392204893544.4,31.2524833733192,31.2886424345428,4.21165340053993,4.25197489878922,22.7919994354248,0.313979997634888,-0.0284119483840506
2018-11-04,6433.64292689732,8.76929620841889,35386354621519.6,31.1973473990895,31.2524833733192,4.17549433931625,4.21165340053993,21.626000213623,0.3142799949646,-0.00132365255200639
2018-11-11,5951.18429129464,8.69134551928745,32717539940668.4,31.1189324396492,31.1973473990895,4.12014223075528,4.17549433931625,18.0619998931885,0.321019997596741,0.0289450101384707
2018-11-18,4591.84001813616,8.43203609813644,28641139078864.8,30.9858652295368,31.1189324396492,4.04231414394769,4.12014223075528,19.9680000305176,0.312859997749329,-0.0202857093008895
2018-11-25,4054.00383649554,8.30746027335968,27237026739221.3,30.93559844071,30.9858652295368,3.98545931357645,4.04231414394769,21.2249999046326,0.305500000715256,-0.0258566208222355
2018-12-02,3737.43589564732,8.22615506588558,25866284181512.2,30.8839614675431,30.93559844071,3.93519252474959,3.98545931357645,18.6540000915527,0.30438000202179,0.0244551222755653
2018-12-09,3403.05036272321,8.13242747389866,23270411775305.3,30.77820378863,30.8839614675431,3.96224073610021,3.93519252474959,20.4000000953674,0.291049998998642,-0.00538718364284207
2018-12-16,3755.12590680804,8.23087709407766,20149706700528.2,30.6342108484102,30.77820378863,3.94189246094886,3.96224073610021,21.62799949646,0.288859996795654,-0.0260883838171058
2018-12-23,3878.50408063616,8.26320481204747,18249334497487,30.535149729401,30.6342108484102,3.84925360532168,3.94189246094886,26.8340000152588,0.280820007324219,-0.05402583324899
2018-12-30,3847.89083426339,8.25528044190901,20055785106469.3,30.6295387620517,30.535149729401,3.79935811343348,3.84925360532168,31.1949996948242,0.275625002384186,-0.0195265284026354
2019-01-06,3885.08803013393,8.26490092152417,22909487471664.4,30.7625722407628,30.6295387620517,3.8448142557347,3.79935811343348,23.8674998283386,0.263999998569489,0.0205503968739533
2019-01-13,3658.52273995536,8.20481472195472,24552706852863,30.8318432228634,30.7625722407628,3.93119798541295,3.8448142557347,19.9079998016357,0.271159996986389,0.0319796295919739
2019-01-20,3595.69116210938,8.18749150817398,24949287547413.8,30.8478663825045,30.8318432228634,3.95431591469302,3.93119798541295,18.5139999389648,0.273699998855591,0.0164292585446066
2019-01-27,3493.64481026786,8.15870082847673,25136188295589.1,30.8553296884859,30.8478663825045,3.97033907433406,3.95431591469302,19.1574997901917,0.273750001192093,0.00817667160892199
2019-02-03,3505.8211844308,8.16218006145112,24895126213001.4,30.8456931658231,30.8553296884859,3.98371091553647,3.97033907433406,17.673999786377,0.269539995193481,0.0114417925944643
2019-02-10,3641.67103794643,8.20019793164638,26128540597473.1,30.8940493422929,30.8456931658231,3.98001804648418,3.98371091553647,15.7540000915527,0.268239994049072,0.0172390078268414
2019-02-17,3948.37674386161,8.28105982251058,27547177961533.3,30.9469212129426,30.8940493422929,3.98679646981174,3.98001804648418,15.6359998703003,0.267519998550415,0.00883643516981447
2019-02-24,3853.90189034598,8.25684139207166,27275740406485.1,30.9370187932549,30.9469212129426,4.03966834046145,3.98679646981174,14.2175002098083,0.266100001335144,0.0134658906295071
2019-03-03,3883.56860351562,8.26450975308686,27405884553281.1,30.9417788709822,30.9370187932549,4.02870320608046,4.03966834046145,14.6139999389648,0.269360003471375,0.00398468933774065
2019-03-10,3943.81525530134,8.27990387266327,28067409527864.6,30.9656302158971,30.9417788709822,4.03282371368735,4.02870320608046,15.5499998092651,0.267939991950989,-0.00896308575750027
2019-03-17,4043.64634486607,8.3049021245027,28836459656642.1,30.9926616627184,30.9656302158971,4.05716176845491,4.03282371368735,13.5780000686646,0.261640000343323,0.0122595965710195
2019-03-24,4047.36108398438,8.30582036352595,30351898627973.9,31.043880189236,30.9926616627184,4.08419321527625,4.05716176845491,14.1360000610352,0.254860000610352,0.00913505015774785
2019-03-31,4733.68352399554,8.46245893612728,31825900306640.8,31.0913015492615,31.043880189236,4.08634598134391,4.08419321527625,14.860000038147,0.240220003128052,-0.00519538113545615
2019-04-07,5181.25592912946,8.55280276322639,32779334383184.2,31.120819383461,31.0913015492615,4.13295611992046,4.08634598134391,13.3799997329712,0.250159997940063,0.0216464095455438
2019-04-14,5237.48751395089,8.56359718025636,32631272028031.7,31.1162922091644,31.120819383461,4.16031956019253,4.13295611992046,13.1580001831055,0.251180000305176,0.00540611259871415
2019-04-21,5358.46861049107,8.58643350624489,33190314556927.5,31.1332792190764,31.1162922091644,4.15579238589595,4.16031956019253,12.2975001335144,0.257424998283386,0.0044678461656753
2019-04-28,5484.37946428571,8.60965923308881,31994878229463.9,31.0965969505888,31.1332792190764,4.17868570364354,4.15579238589595,12.7639999389648,0.25441999912262,0.00770297393424713
2019-05-05,6158.9462890625,8.72566098492528,33149468536119.9,31.132047800339,31.0965969505888,4.14237252590015,4.17868570364354,13.6639999389648,0.252779998779297,0.00278398808140068
2019-05-12,7640.98332868304,8.94128158182122,33293162665735.1,31.1363731664795,31.132047800339,4.12432399141852,4.14237252590015,17.860000038147,0.246840000152588,-0.0156363350860209
2019-05-19,7963.02211216518,8.98256386911723,32616696982676,31.1158454505658,31.1363731664795,4.12864935755904,4.12432399141852,17.2599998474121,0.240019993782043,-0.0149905950709019
2019-05-26,8616.63351004464,9.06144974329719,32300300409612.7,31.1060976467211,31.1158454505658,4.10775424662276,4.12864935755904,15.7559999465942,0.237099995613098,-0.0016827035190019
2019-06-02,8043.43687220982,8.99261174250092,31627852906516,31.0850592693902,31.1060976467211,4.04322669505826,4.10775424662276,17.8524994850159,0.221824997663498,-0.0214289082533394
2019-06-09,8217.87290736607,9.01406668416997,31325884266039.8,31.0754658450765,31.0850592693902,3.97025418332513,4.04322669505826,16.8299999237061,0.210620002746582,0.0130570720314864
2019-06-16,9577.64760044643,9.16718728762248,32443684915137,31.1105269304367,31.0754658450765,3.96066075901139,3.97025418332513,15.7879997253418,0.21188000202179,0.0238574259341773
2019-06-23,11746.1616908482,9.37128180159714,35967827886173.2,31.2136459849952,31.1105269304367,4.00248509579231,3.96066075901139,14.9959999084473,0.204879999160767,0.0142839674130295
2019-06-30,11080.8122209821,9.31297026275738,36529832502603.8,31.2291503715241,31.2136459849952,4.07076884600303,4.00248509579231,15.7299999237061,0.201380000114441,0.000318981787633454
2019-07-07,11862.0224609375,9.38109718591715,42975719967696.8,31.3916564202322,31.2291503715241,4.05261068777189,4.07076884600303,13.210000038147,0.2002749979496,0.0176852935180003
2019-07-14,10326.7067522321,9.24248870704784,41319516396519.5,31.3523560562519,31.3916564202322,4.08203579193361,4.05261068777189,13.2800001144409,0.207499995231628,0.00387502749762447
2019-07-21,9987.818359375,9.20912146534874,40652241039756.1,31.3360750805321,31.3523560562519,4.0427354279533,4.08203579193361,13.4979999542236,0.207220005989075,0.000811735870881236
2019-07-28,10072.0897042411,9.21752348198328,40830291644049,31.3404453641209,31.3360750805321,4.02923700443089,4.0427354279533,12.6219997406006,0.206439995765686,0.00433862949859076
2019-08-04,11625.6205357143,9.36096660844721,42569535749852.9,31.3821599901384,31.3404453641209,4.03639760442313,4.02923700443089,15.6740003585815,0.197720003128052,-0.00931546168479613
2019-08-11,10681.6226283482,9.27628003246704,44191155900687.4,31.4195457922463,31.3821599901384,3.97574869917204,4.03639760442313,19.8259998321533,0.172159998416901,-0.0294845112487359
2019-08-18,10408.8754185268,9.2504141268135,45255421974212.4,31.4433436015309,31.4195457922463,4.01313450128,3.97574869917204,20.0720001220703,0.159360001087189,-0.00563752002129281
2019-08-25,9884.04268973214,9.19867688617365,44996354003617.6,31.4376025802746,31.4433436015309,4.01728350235136,4.01313450128,17.3460000991821,0.157480001449585,0.00918545274037008
2019-09-01,10395.55078125,9.24913318409768,48047413195460.7,31.5032094142133,31.4376025802746,4.01154248109507,4.01728350235136,19.1679996490479,0.150460000038147,-0.00221547678929213
2019-09-08,10314.1887555804,9.24127577535292,48420555646418.8,31.5109455429286,31.5032094142133,4.02096707736516,4.01154248109507,17.0650000572205,0.150999999046326,0.0179194469939388
2019-09-15,10218.8286830357,9.23198724691896,56422300618566.9,31.6638855973206,31.5109455429286,4.02870320608046,4.02096707736516,14.6079999923706,0.175020000934601,0.0152915429747154
2019-09-22,8789.1435546875,9.08127255188074,56151672217231.1,31.6590775779203,31.6638855973206,4.08284537766278,4.02870320608046,14.4859998703003,0.179360001087189,0.00223714138744491
2019-09-29,8250.25774274554,9.01799972038563,54222087001023.7,31.6241094506088,31.6590775779203,4.04213857664623,4.08284537766278,16.2419996261597,0.168699996471405,-0.00846987393543142
2019-10-06,8329.01262555804,9.0275001957894,54595502650693.1,31.630972626252,31.6241094506088,3.97251585443149,4.04213857664623,18.3040000915527,0.159319999217987,-0.014580369043288
2019-10-13,8144.89536830357,9.00514667482761,55668388704704.3,31.6504335740138,31.630972626252,3.97488512677009,3.97251585443149,17.9860000610352,0.161779997348785,-0.000517619705867389
2019-10-20,8208.26220703125,9.01289651220139,59023141586520.5,31.7089507132121,31.6504335740138,3.97956950264391,3.97488512677009,13.9659999847412,0.175120000839233,0.0186534751260137
2019-10-27,9318.09779575893,9.13971378768107,60634637194782.2,31.7358874165904,31.7089507132121,4.01215789786049,3.97956950264391,13.7659999847412,0.177720000743866,0.00696568716178447
2019-11-03,9176.77120535714,9.12443070119703,62276671478376.9,31.7626080169956,31.7358874165904,4.01382120057876,4.01215789786049,12.8319999694824,0.178100001811981,0.0123882971186031
2019-11-10,8741.1552734375,9.07579764222977,58058174535222.2,31.6924666330253,31.7626080169956,4.0413304974079,4.01382120057876,12.6699998855591,0.186500000953674,0.0117760489295105
2019-11-17,7922.54282924107,8.97746749757647,58728583338946.5,31.7039476635808,31.6924666330253,4.04399818939003,4.0413304974079,12.6940000534058,0.187420001029968,0.00531103865201921
2019-11-24,7391.15213448661,8.90803890632174,59599045248843.7,31.7186606705568,31.7039476635808,4.04557440212505,4.04399818939003,12.7139999389648,0.177560000419617,0.00479931801246281
2019-12-01,7410.00041852679,8.91058577477148,59765739839686.9,31.7214537003283,31.7186606705568,4.05047973528932,4.04557440212505,11.9449999332428,0.176175001263618,0.00936601920554203
2019-12-08,7299.7548828125,8.89559604887582,61040352188874.2,31.7425562726927,31.7214537003283,4.05393914387987,4.05047973528932,14.7620000839233,0.179300000667572,-0.00816721851465552
2019-12-15,7087.84563337054,8.86613671346008,62753741814632.5,31.7702393226747,31.7425562726927,4.08183328983012,4.05393914387987,14.6199998855591,0.183359997272491,0.010488870515184
2019-12-22,7330.27866908482,8.89976881176853,63455877590459.5,31.7813659392181,31.7702393226747,4.10673415283493,4.08183328983012,12.4040000915527,0.190600001811981,0.0160146123142191
2019-12-29,7264.34751674107,8.89073376009784,66057997917032.7,31.8215542283934,31.7813659392181,4.1150863014946,4.10673415283493,12.8399999141693,0.190599995851517,0.00979147555779925
2020-01-05,7929.60784040179,8.97835886074551,67157025944048.9,31.8380546640134,31.8215542283934,4.12297251558437,4.1150863014946,13.772500038147,0.187099999189377,0.00134897814904811
2020-01-12,8652.4423828125,9.06559691646537,66611216484182.4,31.829894094973,31.8380546640134,4.10818173255432,4.12297251558437,13.2380001068115,0.183900001049042,0.00589062238445592
2020-01-19,8572.92229352679,9.05636394454422,66452280261876.1,31.8275052159524,31.829894094973,4.06450373435997,4.10818173255432,12.310000038147,0.181979999542236,0.014058493729884
2020-01-26,9204.89522879464,9.12749071161377,63787410650318.6,31.786576961578,31.8275052159524,4.02918362791609,4.06450373435997,13.3250000476837,0.173975002765656,0.00437869303023675
2020-02-02,9546.16252790179,9.16389452318057,62294972351935.2,31.7629018378545,31.786576961578,3.9651845593299,4.02918362791609,17.0459999084473,0.158359999656677,-0.016847841100228
2020-02-09,10131.9281529018,9.22344691998922,63167213549561.8,31.7768065095221,31.7629018378545,3.91895890309672,3.9651845593299,15.9199996948242,0.159880001544952,0.0153540565284818
2020-02-16,9765.43680245536,9.1866045737446,66073669503498.2,31.8217914400603,31.7768065095221,3.9284867074434,3.91895890309672,14.3579999923706,0.159440002441406,0.0172888467664833
2020-02-23,9113.33942522321,9.11749449006863,60058819949960.3,31.7263455304379,31.8217914400603,3.97264762724458,3.9284867074434,15.4625000953674,0.153049999475479,-0.000541307748767039
2020-03-01,8869.48842075893,9.09037239841587,56469003111294.6,31.6647129860361,31.7263455304379,3.87912784309311,3.97264762724458,31.9420001983643,0.12885999917984,-0.0888241898801763
2020-03-08,6798.25453404018,8.8244211720441,42825724585201.2,31.3881600796734,31.6647129860361,3.81942514128231,3.87912784309311,36.7579990386963,0.0944400000572205,-0.0119804494735334
2020-03-15,5635.12862723214,8.63677525269643,32753602238010.4,31.1200340639615,31.3881600796734,3.4763048470716,3.81942514128231,57.792000579834,0.0773399996757507,-0.115353124570536
2020-03-22,6441.552734375,8.77052489785878,28478969376332.1,30.9801870141887,31.1200340639615,3.20817883135967,3.4763048470716,74.618000793457,0.10095999956131,-0.120044421587248
2020-03-29,6541.69210379464,8.7859511424531,25496647852280.6,30.8695681026784,30.9801870141887,3.14389363506054,3.20817883135967,62.75,0.0799599993228912,0.0249689356599161
2020-04-05,7085.72705078125,8.86583776517763,27929221146840.1,30.9606946095978,30.8695681026784,3.13148618587244,3.14389363506054,53.0780006408691,0.0643400001525879,0.0292048377264154
2020-04-12,6967.33154296875,8.84898758152077,23669128123024.4,30.7951927040918,30.9606946095978,3.19417320675368,3.13148618587244,44.2399997711182,0.0726249992847443,0.0671073659930457
2020-04-19,7231.35365513393,8.88618152517065,4809662109418.23,29.2016479500565,30.7951927040918,3.00101830378641,3.19417320675368,39.6059997558594,0.0680400002002716,0.0352048940320531
2020-04-26,8370.78313337054,9.0325027234281,20120669148082.8,30.6327687184641,29.2016479500565,1.36609162460826,3.00101830378641,41.7060005187988,0.0604999995231628,-0.00510288545950832
2020-05-03,9352.8623046875,9.14343770427844,30184041315022.2,31.0383344673619,30.6327687184641,2.75747509895269,1.36609162460826,33.8860000610352,0.0631400001049042,0.0303315774238628
2020-05-10,9124.51771763393,9.1187203241919,34064888989982.8,31.1592883213784,31.0383344673619,3.15469988447466,2.75747509895269,32.6240001678467,0.066360000371933,-0.00374577457149616
2020-05-17,9446.13713727679,9.15336116837701,82471127993031.8,32.0434693842968,31.1592883213784,3.27487802075459,3.15469988447466,32.0779998779297,0.0662399995326996,-0.00237431507664176
2020-05-24,9196.95172991071,9.12662737442863,82568943456470.7,32.0446547385448,32.0434693842968,3.49638633922382,3.27487802075459,29.1020000457764,0.0693800008296967,0.0285977007712841
2020-05-31,9704.95689174107,9.18039205373246,86149259733653.4,32.0871024861047,32.0446547385448,3.52900409062584,3.49638633922382,27.9325003623962,0.0682750001549721,0.0251021849731137
2020-06-07,9639.1484375,9.17358804734378,83198276627441.4,32.0522477499287,32.0871024861047,3.61899332664977,3.52900409062584,26.2119998931885,0.0765399992465973,0.0285604713229386
2020-06-14,9412.56710379464,9.14980100130395,90700133492925.7,32.1385799448559,32.0522477499287,3.63405358120458,3.61899332664977,31.5659999847412,0.0762600004673004,0.00687734689676134
2020-06-21,9338.39118303571,9.14188926617581,99027171489470.8,32.2264153878956,32.1385799448559,3.6483178383852,3.63405358120458,33.9199996948242,0.0716400003433228,-0.00995292926056202
2020-06-28,9149.13671875,9.12141480614095,100666707158712,32.2428362468741,32.2264153878956,3.66893181241268,3.6483178383852,32.7860004425049,0.0681400001049042,-0.00812745266007298
2020-07-05,9275.30705915179,9.13511099303565,102190812452737,32.2578628919344,32.2428362468741,3.68537333009703,3.66893181241268,29.6275005340576,0.0659999996423721,0.00692489437033394
2020-07-12,9199.83217075893,9.12694052056193,107569674903655,32.3091598921838,32.2578628919344,3.70041268841923,3.68537333009703,28.4000003814697,0.0645000004768372,0.0212459865616701
2020-07-19,9435.05398995536,9.15218718009209,114916218882313,32.3752244473256,32.3091598921838,3.70342318105862,3.70041268841923,28.6299999237061,0.0625,0.0117753446022917
2020-07-26,11014.8006417411,9.30699516027475,110034793574721,32.3318177369317,32.3752244473256,3.72342581039608,3.70342318105862,25.1079998016357,0.0598600006103516,0.0134457331359794
2020-08-02,11484.0242745536,9.34871215501037,112175108459960,32.3510822346719,32.3318177369317,3.70917214990556,3.72342581039608,24.7,0.0569200003147125,-0.0001737025828632
2020-08-09,11709.716796875,9.36817427157471,113806562591100,32.3655213037182,32.3510822346719,3.72843664764569,3.70917214990556,23.1779998779297,0.0543799996376038,0.0240829992676161
2020-08-16,11864.2013113839,9.38128085192937,115857888982506,32.3833854610142,32.3655213037182,3.73990520039221,3.72843664764569,22.523999786377,0.0665400004386902,0.0114476152032275
2020-08-23,11523.8148716518,9.35217103148425,121006878119359,32.4268685038714,32.3833854610142,3.75480763922788,3.73990520039221,22.1320003509521,0.0662200009822845,0.00642963652430595
2020-08-30,11100.5023716518,9.31474564498365,116877236871502,32.3921452423617,32.4268685038714,3.76291956186296,3.75480763922788,23.0200000762939,0.069799998998642,0.0243276362491347
2020-09-06,10318.5719866071,9.24170065607029,104321046867201,32.2784942492099,32.3921452423617,3.72819630035333,3.76291956186296,28.6899997711182,0.0671800005435944,0.00824610485795496
2020-09-13,10823.4818638393,9.28947329951041,109782125596234,32.3295188411896,32.2784942492099,3.62060060417106,3.72819630035333,29.2124996185303,0.0685250014066696,-0.0424031697912461
2020-09-20,10626.9549386161,9.27114897109045,123242960526361,32.4451788118154,32.3295188411896,3.67771738323572,3.62060060417106,25.9540000915527,0.0683000004291534,0.00493955169032034
2020-09-27,10694.1156529018,9.27744893019695,121067357346074,32.4273681789224,32.4451788118154,3.68587495274599,3.67771738323572,27.6220001220703,0.0667199993133545,-0.0281797725408452
2020-10-04,10858.9718191964,9.29274691305711,124522802375108,32.4555099666704,32.4273681789224,3.66806431985292,3.68587495274599,26.6320003509521,0.0671599984169006,0.0241697795462628
2020-10-11,11424.3607700893,9.34350326409555,125057781674089,32.4597969998174,32.4555099666704,3.69699640859399,3.66806431985292,27.3719997406006,0.076579999923706,0.0196918485557926
2020-10-18,12424.4162946429,9.42741887156295,129781109254783,32.4968703722786,32.4597969998174,3.70135136615802,3.69699640859399,26.3839996337891,0.0740200006961823,0.02247620559727
2020-10-25,13399.6180245536,9.50298147990238,119971217378710,32.4182729747633,32.4968703722786,3.70283165569404,3.70135136615802,28.5680000305176,0.0812599992752075,-0.0159818177175666
2020-11-01,14478.7271205357,9.58043575603539,111561900401109,32.3456007133322,32.4182729747633,3.62423425817874,3.70283165569404,36.3399993896484,0.0811000001430511,-0.0343569404693866
2020-11-08,15780.9165736607,9.66655667722891,109778649654848,32.3294871785087,32.3456007133322,3.63521494562826,3.62423425817874,30.9380001068115,0.0819000005722046,0.0295994754901088
2020-11-15,17600.2497209821,9.77566836961775,117394596607061,32.3965619967698,32.3294871785087,3.71039630877667,3.63521494562826,24.4900001525879,0.0933200001716614,0.0371101103025424
2020-11-22,18078.5926339286,9.80248378987262,126140908071015,32.4684207160522,32.3965619967698,3.73040521704438,3.71039630877667,23.1620002746582,0.0868599998950958,0.00855147026545922
2020-11-29,19015.2578125,9.85299697864541,135572352138053,32.5405265778587,32.4684207160522,3.80226393632672,3.73040521704438,21.5974998474121,0.0864750012755394,0.0087452544410862
2020-12-06,18648.4807477679,9.83351996050812,141137652813497,32.5807567911624,32.5405265778587,3.81582040941146,3.80226393632672,20.9160003662109,0.0923000001907349,0.0119539510344424
2020-12-13,21275.6651785714,9.9653192186906,143321175170535,32.5961092079586,32.5807567911624,3.82964087826482,3.81582040941146,22.0159999847412,0.0916599988937378,0.00433908832580698
2020-12-20,24020.361328125,10.0866571383237,142722236983648,32.5919214585699,32.5961092079586,3.87074256996343,3.82964087826482,22.7219997406006,0.092260000705719,0.00415362816617204
2020-12-27,28580.5192522321,10.2604806196964,143518398677506,32.5974843566901,32.5919214585699,3.86655482057472,3.87074256996343,23.5574998855591,0.0935499981045723,-0.000330629250102632
2021-01-03,36570.5613839286,10.506998861967,149540730378782,32.6385899156584,32.5974843566901,3.87400956798493,3.86655482057472,22.5750002861023,0.0927750006318092,0.0117919463275413
2021-01-10,36764.7505580357,10.5122947998402,174289300548064,32.791737681304,32.6385899156584,3.91701056212206,3.87400956798493,24.2619998931885,0.101800000667572,0.00618700674657013
2021-01-17,34276.8585379464,10.4422257272623,174437676726965,32.7925886403494,32.791737681304,3.9676469062895,3.91701056212206,23.4419998168945,0.111679999828339,0.00901630455781266
2021-01-24,32815.7393973214,10.3986635389508,175097577275110,32.7963645188888,32.7925886403494,3.96849786533496,3.9676469062895,22.0124998092651,0.109549999237061,0.0108605001499757
2021-01-31,36281.4715401786,10.4990624640509,184633084490596,32.8493916445315,32.7963645188888,3.96184121415108,3.96849786533496,29.3439998626709,0.104880001544952,-0.011760012412104
2021-02-07,45574.1277901786,10.7270954614631,200776847799579,32.9332151972957,32.8493916445315,4.01486833979371,3.96184121415108,24.2700000762939,0.112440001964569,0.0121397358254534
2021-02-14,51668.3822544643,10.8526013116071,206584708929608,32.9617316569496,32.9332151972957,4.06977862547896,4.01486833979371,21.2159996032715,0.116159999370575,0.0205800185605032
2021-02-21,49985.5842633929,10.8194899281075,216483611069081,33.0085359610558,32.9617316569496,4.09829508513283,4.06977862547896,21.8749995231628,0.130799999833107,0.000910362093128114
2021-02-28,48583.87109375,10.7910468843084,216608739646384,33.009113798926,33.0085359610558,4.13167245899809,4.09829508513283,24.9480003356934,0.141980001926422,-0.0144859154465493
2021-03-07,55809.4542410714,10.9296985648612,223151316901803,33.0388712084061,33.009113798926,4.13225029686836,4.13167245899809,25.4700000762939,0.148699998855591,-0.00631004295251714
2021-03-14,57914.9330357143,10.9667305411146,217029116518026,33.0110526379704,33.0388712084061,4.174787204935,4.13225029686836,22.9319999694824,0.156479997634888,0.0142730742794726
2021-03-21,54625.8231026786,10.9082620005256,209923351505710,32.97776358719,33.0110526379704,4.14696863449933,4.174787204935,20.3160003662109,0.166620001792908,0.0130597499957386
2021-03-28,58231.6400669643,10.9721841297611,218109740491604,33.0160194488065,32.97776358719,4.09441122819242,4.14696863449933,19.8099998474121,0.164199998378754,-0.00559065586154261
2021-04-04,58345.703125,10.9741409953288,219653896695957,33.0230742266708,33.0160194488065,4.1056141595096,4.09441122819242,19.2699999809265,0.171799999475479,0.0141013765364981
2021-04-11,61754.5987723214,11.0309237257629,229242052258622,33.0657995580176,33.0230742266708,4.08318250420227,4.1056141595096,17.3660003662109,0.16654000043869,0.0274922551758845
2021-04-18,53603.7661830357,10.8893746091993,234491675629683,33.0884412048039,33.0657995580176,4.12590783554904,4.08318250420227,16.673999786377,0.16077999830246,0.0141897910883859
2021-04-25,54573.8805803571,10.9073106696248,239442009089315,33.1093323702218,33.0884412048039,4.1295186303551,4.12590783554904,17.9020000457764,0.156960000991821,0.00176417449280564
2021-05-02,56735.0876116071,10.9461481274489,214608977351953,32.9998387782043,33.1093323702218,4.15040979577294,4.1295186303551,17.7400001525879,0.161660001277924,0.00782961024141393
2021-05-09,52329.1623883929,10.8653090929013,214641953517716,32.9999924233729,32.9998387782043,4.17567873765033,4.15040979577294,18.403999710083,0.158420000076294,0.000428054327912264
2021-05-16,40789.9252232143,10.6161903990963,257077145567179,33.1803973330838,32.9999924233729,4.17583238281895,4.17567873765033,22.2059997558594,0.164479999542236,-0.0129277236916607
2021-05-23,37131.9464285714,10.5222329677894,265693140355600,33.213363151107,33.1803973330838,4.16122407916859,4.17583238281895,20.8119998931885,0.164619996547699,0.00153868926130585
2021-05-30,36989.4598214286,10.5183882813522,231508200938747,33.0756364140488,33.213363151107,4.19418989719182,4.16122407916859,17.6200000762939,0.158740000724792,0.0126778227825657
2021-06-06,35690.0502232143,10.4826272236901,236030941240883,33.0949840193133,33.0756364140488,4.23040401883712,4.19418989719182,17.460000038147,0.159774997830391,0.00261572221226558
2021-06-13,38218.0412946429,10.5510629683032,233415995785331,33.0838433672173,33.0949840193133,4.24975162410165,4.23040401883712,16.6259998321533,0.150139999389648,0.0056313509650554
2021-06-20,33155.7388392857,10.4089710979548,234186381060792,33.087138414508,33.0838433672173,4.27062010596664,4.24975162410165,18.0020000457764,0.150600001811981,-0.00218574318049214
2021-06-27,34590.0435267857,10.4513211602937,210418243145426,32.9801182999982,33.087138414508,4.29633259639958,4.27062010596664,16.4919998168945,0.149319999217987,0.00691512730840849
2021-07-04,33902.8872767857,10.4312554601484,168374877191852,32.757214021286,32.9801182999982,4.30338923042466,4.29633259639958,15.6319999694824,0.146240000724792,0.0136377958210279
2021-07-11,32522.2494419643,10.3896797323017,168192177296126,32.7561283540394,32.757214021286,4.29411712617176,4.30338923042466,16.9550004005432,0.133374997973442,0.00867874562758253
2021-07-18,32102.8264508929,10.3766993566715,152310513785757,32.65694240684,32.7561283540394,4.29303145892516,4.29411712617176,17.0160003662109,0.134619998931885,0.00345675909648691
2021-07-25,39422.9620535714,10.5821037187659,162808996215838,32.7235988272813,32.65694240684,4.24310934337697,4.29303145892516,19.0060001373291,0.12441999912262,-0.00440196821709726
2021-08-01,40759.8828125,10.6154536122712,161126221076374,32.7132091556006,32.7235988272813,4.28639641541166,4.24310934337697,18.2380001068115,0.12558000087738,0.0145940239408997
2021-08-08,45808.6774553571,10.732228816247,158440323258420,32.6963991289378,32.7132091556006,4.24086620434157,4.28639641541166,17.7799999237061,0.120820000171661,0.00180340512306998
2021-08-15,46787.1830357143,10.7533645776391,161957600255237,32.718355690085,32.6963991289378,4.22405617767878,4.24086620434157,16.1440000534058,0.133040001392364,0.00729939625174758
2021-08-22,48633.9994419643,10.7920781422938,179230230473641,32.8196922990812,32.718355690085,4.17546359709203,4.22405617767878,19.1659999847412,0.125799999237061,-0.00291835295366738
2021-08-29,48742.3219866071,10.7943029663113,194796896498435,32.9029785752772,32.8196922990812,4.21272000592053,4.17546359709203,17.2779998779297,0.130820000171661,0.0119144756100678
2021-09-05,47680.8934151786,10.7722860392981,198533553768748,32.9219792383891,32.9029785752772,4.2357862356723,4.21272000592053,16.3200000762939,0.130140001773834,0.00916502291707033
2021-09-12,47089.2036830357,10.7597990325624,211022964271429,32.9829880788921,32.9219792383891,4.23232957220872,4.2357862356723,18.9624996185303,0.133599999547005,-0.00733394200566018
2021-09-19,43546.2349330357,10.681578524652,216969230366390,33.0107766638685,32.9829880788921,4.27137436030925,4.23232957220872,19.3020000457764,0.132119998931885,-0.0081832656219003
2021-09-26,43951.7857142857,10.6908485328746,228871419629195,33.0641814754549,33.0107766638685,4.27766564221446,4.27137436030925,21.4639999389648,0.136779999732971,-0.0129630412307424
2021-10-03,52418.7388392857,10.8670194178182,243692154087185,33.1269268810771,33.0641814754549,4.32142700119651,4.27766564221446,21.7619998931885,0.151340000629425,-0.0087717806650236
2021-10-10,57929.4536830357,10.9669812334064,257934810240871,33.1837279954378,33.1269268810771,4.36087961654035,4.32142700119651,20.7139999389648,0.154200000762939,-0.000868864363711808
2021-10-17,62590.0825892857,11.0443621194463,267035673179728,33.2184033728188,33.1837279954378,4.39491816766127,4.36087961654035,18.3299999237061,0.156760001182556,0.00842463868604248
2021-10-24,61079.3962053571,11.0199298739752,268269538353459,33.2230133311465,33.2184033728188,4.42011691684395,4.39491816766127,15.5879999160767,0.163719999790192,0.0292112830681148
2021-10-31,61803.5998883929,11.0317168923705,274427549767862,33.2457084067692,33.2230133311465,4.42472687517162,4.42011691684395,16.1979999542236,0.158159999847412,0.0113236812295892
2021-11-07,65205.1863839286,11.0852942905169,284031981232748,33.2801079577242,33.2457084067692,4.40403271866816,4.42472687517162,15.8920000076294,0.153600001335144,0.0167934979533744
2021-11-14,60616.1255580357,11.0123162349769,286681047115482,33.2893913796061,33.2801079577242,4.40623131220028,4.40403271866816,17.5360000610352,0.152619998455048,0.00357144597512971
2021-11-21,56361.2555803571,10.9395372436274,273713248645303,33.2431021365227,33.2893913796061,4.3697262962558,4.40623131220028,17.0940002441406,0.159719998836517,0.00465790090146179
2021-11-28,55509.5775669643,10.9243108536204,239742975177689,33.1105885286484,33.2431021365227,4.32343705317238,4.3697262962558,21.4375,0.160475000739098,-0.00588394852361063
2021-12-05,49347.7555803571,10.8066475641994,254812349877840,33.1715485073603,33.1105885286484,4.20307937578155,4.32343705317238,27.9780002593994,0.143959999084473,-0.0210586302582119
2021-12-12,47580.2170758929,10.7701723461814,275733365457508,33.2504554475191,33.1715485073603,4.26692438350979,4.20307937578155,21.8479999542236,0.147979998588562,0.0219987413183524
2021-12-19,49027.0016741071,10.8001264798916,276697310770880,33.2539452837399,33.2504554475191,4.26585793401021,4.26692438350979,20.7259998321533,0.142980000972748,-0.00243798977847476
2021-12-26,48093.5546875,10.7809034489344,295392336720411,33.319325543646,33.2539452837399,4.26934777023102,4.26585793401021,20.1174998283386,0.146400001645088,-0.000116737869626959
2022-01-02,44246.0982142857,10.6975224706,302359467844962,33.3426377163462,33.319325543646,4.33154879076513,4.26934777023102,17.3440002441406,0.150639996528626,0.0260953066964724
2022-01-09,42755.2126116071,10.663246399367,318222596962670,33.3937722442783,33.3426377163462,4.35486096346532,4.33154879076513,18.3220001220703,0.170100002288818,-0.0105824590247892
2022-01-16,40236.0535714286,10.6025187276836,335776191234276,33.4474659564332,33.3937722442783,4.40190280438509,4.35486096346532,18.9860000610352,0.174679999351501,-0.00985964876019629
2022-01-23,37114.0005580357,10.52174955094,366345924308992,33.5345991513436,33.4474659564332,4.45559651653997,4.40190280438509,25.2700004577637,0.181799998879433,-0.0410955147322323
2022-01-30,38884.8035714286,10.5683587995907,381563139271137,33.5752974556356,33.5345991513436,4.45362609395199,4.45559651653997,30.2339996337891,0.179100000858307,-0.0276510958063199
2022-02-06,43275.3543526786,10.6753385684032,387179165284531,33.5899086612172,33.5752974556356,4.49354563619589,4.45362609395199,23.2899997711182,0.182099997997284,0.0339131945341755
2022-02-13,42001.8058035714,10.6454678916644,396318005052684,33.6132380479788,33.5899086612172,4.50716036475745,4.49354563619589,23.1060001373291,0.195699999332428,-0.00505614271373744
2022-02-20,38248.7477678571,10.5518661006235,412627358221654,33.6535660212547,33.6132380479788,4.530489751519,4.50716036475745,26.8360004425049,0.199840002059937,-0.019664666895288
2022-02-27,41453.1077008929,10.6323181324428,473524172818681,33.791224078611,33.6535660212547,4.52409567138929,4.530489751519,29.4349999427795,0.196999996900558,-0.0262680907662567
2022-03-06,39191.2377232143,10.5762084733235,500005461551418,33.8456401373939,33.791224078611,4.66923359771229,4.52409567138929,31.3339996337891,0.179579999446869,0.0117692764413846
2022-03-13,40420.3314732143,10.6070881916468,442718413521319,33.7239550484798,33.8456401373939,4.73118589580922,4.66923359771229,33.0020004272461,0.191719996929169,-0.0301194190091962
2022-03-20,42912.5825892857,10.6669203623615,496388882165348,33.838380772081,33.7239550484798,4.6095008068951,4.73118589580922,27.5620002746582,0.216560001373291,0.0259335613400786
2022-03-27,46595.1657366071,10.7492520751746,464072827135973,33.7710626108731,33.838380772081,4.72747631577292,4.6095008068951,22.5040000915527,0.236840004920959,0.0373246194829715
2022-04-03,44344.66015625,10.6997475781494,453515789172792,33.7480512011352,33.7710626108731,4.6397068539279,4.72747631577292,19.6099994659424,0.238780002593994,0.0173475660654105
2022-04-10,40562.421875,10.6105973474045,464358319476091,33.7716776103809,33.7480512011352,4.59665403052875,4.6397068539279,20.8819999694824,0.258839998245239,-0.013568991586336
2022-04-17,40453.5301339286,10.607909190222,469119439540837,33.7818785204829,33.7716776103809,4.62028043977447,4.59665403052875,23.2875003814697,0.275499999523163,-0.0231176789391334
2022-04-24,39054.9587053571,10.572725130698,475590368985218,33.7955780302988,33.7818785204829,4.64319787479655,4.62028043977447,22.95,0.288759999275208,-0.00375382348817155
2022-05-01,37509.3231026786,10.5323447971301,508573850935540,33.8626315537835,33.7955780302988,4.62949199336767,4.64319787479655,31.1060005187988,0.283320002555847,-0.0420041344627684
2022-05-08,30392.5145089286,10.321951623815,525198501963334,33.8947974060365,33.8626315537835,4.6698711904913,4.62949199336767,29.6800003051758,0.301240000724793,-0.00826528952274508
2022-05-15,29894.4944196429,10.3054296093019,561649791174098,33.9618996242082,33.8947974060365,4.65430313459219,4.6698711904913,32.188000869751,0.294899997711182,-0.0500218449407832
2022-05-22,29335.7541852679,10.2865623304301,547450385290480,33.9362929530389,33.9618996242082,4.72140535276381,4.65430313459219,28.6619998931885,0.287459998130798,-0.00295937971937299
2022-05-29,30395.5044642857,10.3220499969948,556893077726187,33.9533943764347,33.9362929530389,4.71769496864901,4.72140535276381,27.9040000915527,0.277340002059937,0.0143919563791428
2022-06-05,30029.1116071429,10.309922577028,580187324609006,33.9943721407881,33.9533943764347,4.75718288009108,4.71769496864901,25.3475003242493,0.291125005483627,0.0264198230155799
2022-06-12,21985.7779017857,9.99815106428599,564306152269865,33.9666180433249,33.9943721407881,4.79115171121506,4.75718288009108,25.3779998779297,0.304779996871948,-0.0162026859830071
2022-06-19,20810.0438058036,9.94319102442168,513219500862223,33.8717247465105,33.9666180433249,4.75758219875011,4.79115171121506,32.0819999694824,0.335799999237061,-0.087376781548473
2022-06-26,20063.3973214286,9.90665240517392,515987617524704,33.877103884077,33.8717247465105,4.67453299687187,4.75758219875011,28.8550000190735,0.316399997472763,0.0224923081830877
2022-07-03,20746.8016183036,9.94014737490129,479687279228639,33.8041555059041,33.877103884077,4.69189819509439,4.67453299687187,27.776000213623,0.307079997062683,0.00581351645461226
2022-07-10,20423.3655133929,9.92443489270203,456742720948100,33.7551413744381,33.8041555059041,4.61894981692145,4.69189819509439,26.2474999427795,0.295775002241135,0.0102281884417934
2022-07-17,22604.4693080357,10.0259029227018,454881170004837,33.7510573359455,33.7551413744381,4.58415080006452,4.61894981692145,26.1819999694824,0.294860000610352,-0.0114116022973398
2022-07-24,22777.9849330357,10.0335497753641,428884772283910,33.6922094027034,33.7510573359455,4.60543014670221,4.58415080006452,23.9639999389648,0.294160003662109,0.0288283443353468
2022-07-31,23051.0387834821,10.0454661139378,404550759778077,33.6337983322626,33.6922094027034,4.57260567805079,4.60543014670221,22.9900001525879,0.273279995918274,0.0214167207719989
2022-08-07,23840.2505580357,10.0791306311088,414388511673550,33.657825083694,33.6337983322626,4.51419460761006,4.57260567805079,22.2620002746582,0.272219996452332,0.0268750159143067
2022-08-14,22990.2781808036,10.0428267177625,402756493853599,33.6293532616386,33.657825083694,4.52096213807107,4.51419460761006,20.5060005187988,0.281700000762939,0.0143228905840918
2022-08-21,21108.3998325893,9.95742633657608,421363842843538,33.6745178111578,33.6293532616386,4.48935521174111,4.52096213807107,19.9400001525879,0.28753999710083,0.0202331524043267
2022-08-28,19955.7686941964,9.90127353812384,437858119191605,33.7129160450424,33.6745178111578,4.53139445515429,4.48935521174111,23.6139999389648,0.305159997940063,-0.0344519625316853
2022-09-04,20045.5145089286,9.90576069244131,420234686073090,33.6718344475131,33.7129160450424,4.50353606963787,4.53139445515429,25.8639995574951,0.316219997406006,-0.0395534650694955
2022-09-11,20611.267578125,9.9335931750561,437405784127325,33.7118824479688,33.6718344475131,4.44014813077133,4.50353606963787,24.4875001907349,0.330450004339218,0.00447672545531042
2022-09-18,19150.0036272321,9.86005818402037,425921281489640,33.6852756598874,33.7118824479688,4.46309957788625,4.44014813077133,25.9740001678467,0.342059998512268,-0.00947790517891001
2022-09-25,19268.4246651786,9.86622300742724,400244263998174,33.623096136655,33.6852756598874,4.41968362217726,4.46309957788625,27.6360000610352,0.359520001411438,-0.0395720115057632
2022-10-02,19726.3013392857,9.88970811764615,440552973079957,33.7190518107827,33.623096136655,4.37721508227637,4.41968362217726,31.6999996185303,0.38195999622345,-0.0402535748723434
2022-10-09,19204.7098214286,9.86291083113337,490960854804879,33.8273855150965,33.7190518107827,4.47506148326204,4.37721508227637,29.9200000762939,0.374720001220703,0.0211132809142978
2022-10-16,19246.7430245536,9.86509713187141,484147273667168,33.8134102607964,33.8273855150965,4.48293473862152,4.47506148326204,32.72200050354,0.393819999694824,-0.0330333758392563
2022-10-23,20211.2204241071,9.91399319571482,512505175336831,33.8703319251083,33.8134102607964,4.44232180985166,4.48293473862152,30.4600002288818,0.411579985618591,0.0262928275831236
2022-10-30,20630.8663504464,9.93454359987314,525341664278203,33.8950699559501,33.8703319251083,4.46542526312142,4.44232180985166,27.7459999084473,0.406080002784729,0.0362725726553776
2022-11-06,18195.9434988839,9.8089539635457,519949969241100,33.8847537098774,33.8950699559501,4.4901632939632,4.46542526312142,25.4799995422363,0.409360008239746,-0.0113797319361435
2022-11-13,16660.3512834821,9.72078700094164,494201589361386,33.8339646255066,33.8847537098774,4.48178148300199,4.4901632939632,24.4060005187988,0.402660002708435,0.0185106380465356
2022-11-20,16352.8829520089,9.70215948812156,465428425526008,33.7739794425551,33.8339646255066,4.43105486210906,4.48178148300199,23.8860004425049,0.378980002403259,0.0248727723681021
2022-11-27,16748.50390625,9.72606421423418,469643738520674,33.7829955200555,33.7739794425551,4.36596077183269,4.43105486210906,21.1250004768372,0.374500000476837,0.00948855245286317
2022-12-04,17076.8992745536,9.74548190955946,416540988419032,33.6630059842636,33.7829955200555,4.37497684933305,4.36596077183269,20.7159996032715,0.363780002593994,0.00703836483303455
2022-12-11,17245.005859375,9.75527786514328,412290792095602,33.6527500223714,33.6630059842636,4.29229336989436,4.37497684933305,22.1440002441406,0.351559996604919,-0.0189395654792346
2022-12-18,16770.9352678571,9.72740262355775,437518559544275,33.7121402426419,33.6527500223714,4.32078931952485,4.29229336989436,22.8279998779297,0.350940003395081,-0.000924454013629727
2022-12-25,16689.1372767857,9.72251332429443,448628542171649,33.7372163609832,33.7121402426419,4.34800437342996,4.32078931952485,21.3619998931885,0.367379999160767,-0.0292127136387226
2023-01-01,16800.0613839286,9.72913781918995,412870069382373,33.6541540574123,33.7372163609832,4.37308049177124,4.34800437342996,21.7249999046326,0.386524999141693,-0.00304699572341605
2023-01-08,18489.1928013393,9.82494166747037,420480098044520,33.6724182649576,33.6541540574123,4.3081445697827,4.37308049177124,22.1249995231628,0.369775003194809,0.00515229768862113
2023-01-15,21491.671875,9.9754207844234,483112514969126,33.8112706926991,33.6724182649576,4.34486979977938,4.3081445697827,20.1639999389648,0.353039994239807,0.0275917654853064
2023-01-22,22935.9673549107,10.04046158425,484273308361555,33.8136705499671,33.8112706926991,4.38608091450008,4.34486979977938,20.0175004005432,0.344775003194809,-0.00122004744011051
2023-01-29,23390.1141183036,10.0600687385019,481592580061891,33.8081196029562,33.8136705499671,4.38848077176809,4.38608091450008,19.0659999847412,0.349340000152588,0.0222866321047448
2023-02-05,22465.7946428571,10.0197491933629,487951686600385,33.8212375140125,33.8081196029562,4.33716002530302,4.38848077176809,18.8540000915527,0.348100004196167,0.016989731212723
2023-02-12,23279.3292410714,10.0553210887615,491954729643092,33.8294078152669,33.8212375140125,4.3502779363593,4.33716002530302,19.7919998168945,0.367760004997253,0.00170727951811678
2023-02-19,24014.7117745536,10.0864219121345,472727386157849,33.789539987649,33.8294078152669,4.3634042786773,4.3502779363593,19.5340000152588,0.379159998893738,0.00124504235630063
2023-02-26,23152.7834821429,10.0498702890961,534914750949830,33.9131285061089,33.789539987649,4.3235364510594,4.3634042786773,21.9925003051758,0.39264999628067,-0.0309282858666311
2023-03-05,21426.5424107143,9.97238573203994,536400244559178,33.9159017232628,33.9131285061089,4.35223733101541,4.3235364510594,20.0620002746582,0.397379994392395,-0.00163773334868011
2023-03-12,24989.4450334821,10.1262088160387,486148714864390,33.8175356906847,33.9159017232628,4.34924516091679,4.35223733101541,20.9440002441406,0.391079998016357,-0.00624397789870379
2023-03-19,27801.5901227679,10.2328484967037,484922455449357,33.8150101084115,33.8175356906847,4.24514679032559,4.34924516091679,24.9779998779297,0.352500004768372,-0.0133575672477413
2023-03-26,27953.4104352679,10.2382944902904,553156845324536,33.9466627035015,33.8150101084115,4.24014621130758,4.24514679032559,22.4279998779297,0.347459998130798,0.0135801898442693
2023-04-02,28036.1997767857,10.2412518033184,610902324603211,34.0459582007877,33.9466627035015,4.30141292158275,4.24014621130758,19.4820003509521,0.354060001373291,0.0163031138557841
2023-04-09,29937.6291852679,10.3068714693095,627076864036152,34.0720902392172,34.0459582007877,4.38962269520573,4.30141292158275,18.7574996948242,0.333550000190735,0.0191281842803601
2023-04-16,28903.0044642857,10.2717008293989,609441976330443,34.0435648615166,34.0720902392172,4.40479055703513,4.38962269520573,18.4059997558594,0.344879999160767,0.00331827806497387
2023-04-23,28558.5086495536,10.2597101969372,594946056402484,34.0194918558557,34.0435648615166,4.37200157568684,4.40479055703513,16.8360000610352,0.357600002288818,0.00630043662805235
2023-04-30,28904.8484933036,10.2717646279634,550626839618882,33.9420784535785,34.0194918558557,4.33511846366447,4.37200157568684,17.460000038147,0.346459999084473,-0.00748450546486801
2023-05-07,27431.3772321429,10.2194427916447,553546061600214,33.9473660834047,33.9420784535785,4.26498707171486,4.33511846366447,17.896000289917,0.344260001182556,0.000300408398182128
2023-05-14,27058.6727120536,10.2057628507086,557052875876261,33.9536812811102,33.9473660834047,4.27761012876329,4.26498707171486,17.1180000305176,0.346819996833801,0.00358810164944323
2023-05-21,26747.0714285714,10.1941802670251,576742685706619,33.9884173309889,33.9536812811102,4.27168151291025,4.27761012876329,16.9680000305176,0.359559998512268,0.00701416746286299
2023-05-28,27414.0329241071,10.2188103117867,563161053513790,33.9645867662396,33.9884173309889,4.28700140839181,4.27168151291025,18.5720001220703,0.375199999809265,0.000730711497871184
2023-06-04,26471.9681919643,10.1838416480279,586743841655349,34.0056094549171,33.9645867662396,4.24631426458987,4.28700140839181,16.4124999046326,0.365900003910065,0.0143483943708507
2023-06-11,25900.0864955357,10.162001587278,575450732564496,33.9861747323712,34.0056094549171,4.27075981457071,4.24631426458987,14.0219997406006,0.372699995040894,0.0144386717365261
2023-06-18,28956.9246651786,10.2735646483601,589884761370079,34.0109483140392,33.9861747323712,4.24049186914384,4.27075981457071,14.3079999923706,0.377940001487732,0.0229857498517916
2023-06-25,30434.0691964286,10.3233179571329,572051606459322,33.9802503243214,34.0109483140392,4.25454833001248,4.24049186914384,13.3574998378754,0.374750006198883,-0.0027499190800615
2023-07-02,30516.1573660714,10.3260115720349,581904664538601,33.9973277436075,33.9802503243214,4.24026142921,4.25454833001248,13.710000038147,0.377400002479553,0.0034318467152552
2023-07-09,30529.1752232143,10.3264380700746,628816439900276,34.0748605015813,33.9973277436075,4.27402376124618,4.24026142921,14.5049998760223,0.397350001335144,0.00954250315832184
2023-07-16,29948.2957589286,10.3072276990507,652023285479197,34.1111013911426,34.0748605015813,4.31983202377369,4.27402376124618,14.0799999237061,0.388540000915527,0.00877852230830634
2023-07-23,29390.0959821429,10.2884130252172,676227057686309,34.1475500197264,34.1111013911426,4.32532399122958,4.31983202377369,13.6260000228882,0.380380001068115,0.0167942330271451
2023-07-30,29232.5728236607,10.2830388741996,681574182225268,34.1554262125356,34.1475500197264,4.37656170929769,4.32532399122958,13.7399997711182,0.39202000617981,0.00412054475450496
2023-08-06,29398.9559151786,10.288714439607,695789815897497,34.1760687420022,34.1554262125356,4.39944899611076,4.37656170929769,15.3340002059937,0.406740007400513,-0.00657572134589124
2023-08-13,27910.5424107143,10.2367597606201,678184945461559,34.1504411475877,34.1760687420022,4.41949100894463,4.39944899611076,15.6820001602173,0.407280006408691,-0.0106746425033961
2023-08-20,26142.2179129464,10.171306831052,696916139322281,34.1776862028397,34.1504411475877,4.39326325830131,4.41949100894463,16.6499996185303,0.424440002441406,-0.0155735515917463
2023-08-27,26403.0711495536,10.1812356137909,733437711025939,34.2287637896956,34.1776862028397,4.37912243147355,4.39326325830131,16.5919998168945,0.426840000152588,-0.00302334204305232
2023-09-03,25908.1040736607,10.162311097342,765349473547222,34.2713536736072,34.2287637896956,4.41175532465559,4.37912243147355,14.0139999389648,0.414359998703003,0.0208616853199874
2023-09-10,26110.4567522321,10.1700911549232,772103043936383,34.2801391336477,34.2713536736072,4.46765948136385,4.41175532465559,14.1749999523163,0.426900005340576,-0.00582776790871975
2023-09-17,26765.455078125,10.194867345415,817876946379699,34.3377330089166,34.2801391336477,4.48993887885526,4.46765948136385,13.623999786377,0.4282200050354,0.00150049313702993
2023-09-24,26575.2081473214,10.1877340356281,833950121047671,34.3571947096015,34.3377330089166,4.50561499813062,4.48993887885526,15.5980003356934,0.439019994735718,-0.0190646933831999
2023-10-01,27725.0368303571,10.2300911406345,782541002971560,34.2935674369337,34.3571947096015,4.5136029924626,4.50561499813062,17.7840000152588,0.457919998168945,-0.0219482856217237
2023-10-08,27180.5697544643,10.2102576497542,782213891495356,34.2931493376107,34.2935674369337,4.44821224255635,4.5136029924626,18.3820003509521,0.474420003890991,-0.00583583222774564
2023-10-15,28677.7681361607,10.2638774721653,858843305757576,34.3866076065556,34.2931493376107,4.44603377037326,4.44821224255635,17.3660003662109,0.467760000228882,0.0185616583201806
2023-10-22,33377.2145647321,10.4156287475007,826833905062907,34.3486249504702,34.3866076065556,4.47679123332502,4.44603377037326,19.4839992523193,0.487499990463257,-0.00852658586069133
2023-10-29,34842.6629464286,10.4585978616399,803680188668032,34.3202225306854,34.3486249504702,4.43880857723966,4.47679123332502,20.296000289917,0.486419992446899,-0.0309657396688454
2023-11-05,36047.2444196429,10.4925857020563,772408300007615,34.2805344121626,34.3202225306854,4.39873624298475,4.43880857723966,17.0659999847412,0.47532000541687,0.0174733115926156
2023-11-12,36616.0362723214,10.508241572947,790568984182834,34.303774035289,34.2805344121626,4.34751282743174,4.39873624298475,14.7220001220703,0.460279998779297,0.0285037446070628
2023-11-19,37273.7645089286,10.5260449937832,796866058962600,34.311707724087,34.303774035289,4.33590418222672,4.34751282743174,14.2440000534058,0.449879999160767,0.0244883265058906
2023-11-26,38042.9564732143,10.5464712337553,824267519185818,34.3455162523537,34.311707724087,4.34383787102472,4.33590418222672,13.0175001621246,0.4432000041008,0.0141432933210055
2023-12-03,42995.8331473214,10.6688584864296,772674633766044,34.2808791622796,34.3455162523537,4.32852037680922,4.34383787102472,12.7819997787476,0.431479997634888,0.0029149677659408
2023-12-10,42365.4776785714,10.6540891038805,759016796730444,34.2630450231589,34.2808791622796,4.263552728555,4.32852037680922,12.8620002746582,0.419079999923706,0.00253551760649096
2023-12-17,43073.9397321429,10.6706734466334,791689772233260,34.3051907292821,34.2630450231589,4.25535736846142,4.263552728555,12.3299997329712,0.406719994544983,0.0231477369881041
2023-12-24,42782.3822544643,10.6638816672586,844200056919814,34.3694106167015,34.3051907292821,4.2975030745846,4.25535736846142,13.0879999160767,0.390960001945496,0.0125929704781473
2023-12-31,43795.7818080357,10.6872927859742,832621456260323,34.3556002205475,34.3694106167015,4.29421948139095,4.2975030745846,12.585000038147,0.384774994850159,0.00748929266616294
2024-01-07,45106.4637276786,10.7167808351256,841081794125651,34.3657100293478,34.3556002205475,4.28040908523698,4.29421948139095,13.6800000667572,0.3971499979496,-0.0145457163373575
2024-01-14,42107.4123883929,10.6479790704052,856265938349916,34.383602119463,34.3657100293478,4.27410727630662,4.28040908523698,12.7339998245239,0.39956000328064,0.013736272516935
2024-01-21,40692.3588169643,10.6137956097496,855422231513202,34.3826163009946,34.383602119463,4.29199936642186,4.27410727630662,14.0150001049042,0.411549997329712,0.00166883940369722
2024-01-28,42873.2767857143,10.6660039920737,859679490596576,34.3875807503588,34.3826163009946,4.33078598172301,4.29199936642186,13.1180000305176,0.414119997024536,0.0191108736529486
2024-02-04,44695.0267857143,10.7076175168218,901217996307933,34.4347682935593,34.3875807503588,4.32161291595648,4.33078598172301,13.7980003356934,0.400260000228882,0.00795554786923169
2024-02-11,50797.5758928571,10.8356039137835,939005337117874,34.4758422789523,34.4347682935593,4.31216730177523,4.32161291595648,13.0560001373291,0.414420003890991,0.0142795567900453
2024-02-18,51661.9670758929,10.8524771432748,1017283850045850,34.555912578291,34.4758422789523,4.35324128716823,4.31216730177523,14.4820001602173,0.425799999237061,0.00377786143517156
2024-02-25,58787.8091517857,10.9816897850408,1013901171900215,34.5525818317205,34.555912578291,4.35410930483734,4.35324128716823,14.7625000476837,0.429675006866455,0.00619780634767153
2024-03-03,66447.1785714286,11.1041626038183,997819473080424,34.5365934871807,34.5525818317205,4.36493136175198,4.35410930483734,13.5039999008179,0.426399993896484,0.0112372324328049
2024-03-10,70260.5669642857,11.1599659953046,1009373019645461,34.5481057603765,34.5365934871807,4.3642699107548,4.36493136175198,14.3259998321533,0.41282000541687,0.00566506995254734
2024-03-17,65585.4313616071,11.0911088673658,1100241496834290,34.6343060931957,34.5481057603765,4.37578218395058,4.3642699107548,14.3239999771118,0.421059999465942,0.00509262042046998
2024-03-24,69559.8928571429,11.1499434281729,1096312135622304,34.6307283381659,34.6343060931957,4.40566991567624,4.37578218395058,13.4340000152588,0.42797999382019,0.01167721583748
2024-03-31,68243.7393973214,11.1308409783975,1137948744582215,34.6680036896903,34.6307283381659,4.40699358870813,4.40566991567624,13.0549998283386,0.422224998474121,0.00488668450405072
2024-04-07,68828.39453125,11.1393716499896,1144413552939961,34.673668719869,34.6680036896903,4.44919451067206,4.40699358870813,14.9940000534058,0.43471999168396,-0.00548773694373139
2024-04-14,63800.6082589286,11.0635180031264,1159210087403733,34.6865152089363,34.673668719869,4.45096951203192,4.44919451067206,15.6379997253418,0.448500003814697,-0.00451605156815837
2024-04-21,64872.0948660714,11.0801728389811,2325304317537346,35.3826273146481,34.6865152089363,4.42922030956185,4.45096951203192,18.5099994659424,0.462679986953735,-0.0306486585953678
2024-04-28,61678.5658482143,11.0296917564788,2258963239412128,35.3536823593169,35.3826273146481,4.4223044687145,4.42922030956185,15.8,0.46496000289917,0.00743313214425534
2024-05-05,62193.1841517857,11.0380006931697,2218082937752634,35.3354196761752,35.3536823593169,4.38357542247559,4.4223044687145,14.7760000228882,0.45931999206543,0.00241123162352608
2024-05-12,64484.9123883929,11.0741865589621,2102309695875984,35.2818129904215,35.3354196761752,4.36531273933392,4.38357542247559,12.9919998168945,0.44793999671936,0.0245608299526268
2024-05-19,68958.1484375,11.1412550551729,2097312527386122,35.2794331711984,35.2818129904215,4.36959973348592,4.36531273933392,12.7760000228882,0.441579999923706,0.0146557232160252
2024-05-26,68192.9006696429,11.1300957426602,2119392344779790,35.2899058126876,35.2794331711984,4.35983217178591,4.36959973348592,12.2,0.444539995193481,0.00501042618926562
2024-06-02,69658.9274553571,11.1513661469504,2012302113504951,35.2380557916935,35.2899058126876,4.36297124952319,4.35983217178591,13.647500038147,0.455849993228912,-0.00573652729743834
2024-06-09,67670.2834821429,11.1224024184024,2096050718182348,35.2788313586828,35.2380557916935,4.31112122852911,4.36297124952319,12.739999961853,0.434759998321533,0.0102384072656179
2024-06-16,65201.1171875,11.0852318825456,2174755808127516,35.3156927810231,35.2788313586828,4.35980658543179,4.31112122852911,12.4459999084473,0.432379989624023,0.0146787891499613
2024-06-23,61269.4921875,11.0230373175753,2177645350949880,35.3170205737247,35.3156927810231,4.39691525656344,4.35980658543179,12.8824999332428,0.425174999237061,0.0128720226960102
2024-06-30,59953.8325892857,11.0013300881751,2230648583766684,35.341068782834,35.3170205737247,4.39849035920358,4.39691525656344,12.6799999237061,0.428660001754761,-0.00124809817179106
2024-07-07,57540.3231026786,10.9602412523605,2089362708751960,35.2756354903465,35.341068782834,4.42253856831285,4.39849035920358,12.2049999237061,0.438549995422363,0.00989900517500786
2024-07-14,64674.5368303571,11.0771228455343,2111534024794344,35.2861911042122,35.2756354903465,4.40835207396065,4.42253856831285,12.6220001220703,0.424620008468628,0.0134276684484611
2024-07-21,66934.6004464286,11.111471308925,2046703542169548,35.255006865586,35.2861911042122,4.40298056274514,4.40835207396065,14.6479999542236,0.419399995803833,-0.00169349730451707
2024-07-28,64764.1010044643,11.0785067319827,2118076203880620,35.289284620612,35.255006865586,4.3561189005201,4.40298056274514,16.5039999008179,0.424819993972778,-0.0191788188507473
2024-08-04,58100.8962053571,10.9699363679423,2172514475051905,35.3146616359006,35.289284620612,4.32619674648623,4.3561189005201,18.526000213623,0.403960008621216,-0.00695999392229574
2024-08-11,59050.5731026786,10.9861495269582,2216810219638533,35.3348457195526,35.3146616359006,4.31588683624487,4.32619674648623,27.6580001831055,0.391599998474121,-0.0346242431178219
2024-08-18,60974.3805803571,11.0182090644488,2046997766536238,35.255150610498,35.3348457195526,4.35722152748642,4.31588683624487,17.010000038147,0.387979998588562,0.0388767446275491
2024-08-25,60460.5022321429,11.0097455751488,2121359409869594,35.2908335091644,35.255150610498,4.29913405813511,4.35722152748642,16.0419998168945,0.38264000415802,0.0252879142350952
2024-09-01,56584.2087053571,10.9434852271255,1978111091980667,35.2209187903261,35.2908335091644,4.32262158219098,4.29913405813511,15.8680000305176,0.385400004386902,0.00155808559501835
2024-09-08,57936.6311383929,10.9671051256632,1978163022915770,35.2209450427715,35.2209187903261,4.23540997710252,4.32262158219098,21.0799994468689,0.376324999332428,-0.0224819340796927
2024-09-15,61265.9765625,11.0229799362304,2111785037998346,35.2863099743239,35.2209450427715,4.21771197437401,4.23540997710252,17.9700000762939,0.366520004272461,0.0105608273807754
2024-09-22,64468.9938616071,11.0739396718793,2041068401707875,35.2522497919974,35.2863099743239,4.26566133668589,4.21771197437401,17.0919998168945,0.368319997787476,0.0199719062201105
2024-09-29,62193.0608258929,11.0379987102191,2015280871800671,35.2395349710672,35.2522497919974,4.24124042142188,4.26566133668589,15.8039999008179,0.375920000076294,0.0124715027990252
2024-10-06,61954.6138392857,11.0341573611087,2167526752546670,35.3123631670892,35.2395349710672,4.26602636934648,4.24124042142188,18.9179996490479,0.383220000267029,-0.000890920971395204
2024-10-13,66818.9553571429,11.1097420821032,2089540538568478,35.275720598714,35.3123631670892,4.31844763433151,4.26602636934648,21.2619998931885,0.405900001525879,0.00704453462483023
2024-10-20,67425.9029017857,11.1187845391201,2176071761659516,35.3162977020644,35.275720598714,4.26180626299224,4.31844763433151,19.4120002746582,0.406420001983643,0.013418898787787
2024-10-27,70269.1450892857,11.1600880780284,2093777960862226,35.2777464658544,35.3162977020644,4.26377784239543,4.26180626299224,19.0440002441406,0.421199998855591,-0.00353557223724543
2024-11-03,72968.6383928571,11.1977850167645,2263422995401234,35.3556546620806,35.2777464658544,4.22522660618543,4.26377784239543,20.9059997558594,0.429259996414185,-0.00745269933409887
2024-11-10,88084.3660714286,11.386050339553,2213851975380344,35.3335103685069,35.3556546620806,4.27078776247654,4.22522660618543,17.7759998321533,0.433420009613037,0.0167685255211847
2024-11-17,94621.6350446429,11.4576414291525,2283165055572699,35.3643390575115,35.3335103685069,4.22041904730297,4.27078776247654,14.8300001144409,0.440740013122559,0.0134289253581308
2024-11-24,95518.1450892857,11.4670715093559,2245702571466452,35.3477948165747,35.3643390575115,4.24494610025073,4.22041904730297,16.2400001525879,0.440820007324219,-0.0048707893147526
2024-12-01,97764.7723214286,11.4903195899225,2263883861269476,35.35585825591,35.3477948165747,4.22840185931391,4.24494610025073,14.0775003433228,0.424674999713898,0.0135485518981291
2024-12-08,99913.203125,11.5120571193172,2318222567764966,35.3795771523738,35.35585825591,4.22560672075529,4.22840185931391,13.2800001144409,0.418599996566772,0.00989261228486882
2024-12-15,101283.166294643,11.5256754996721,2436046977640492,35.4291530293181,35.3795771523738,4.24437246237082,4.22560672075529,13.9360000610352,0.428280000686646,-0.00246143104719287
2024-12-22,96127.2533482143,11.4734281483872,2427087288503894,35.4254682866054,35.4291530293181,4.25060731146869,4.24437246237082,20.126000213623,0.447400007247925,-0.0159656192018129
2024-12-29,95321.8470982143,11.4650143088912,2545187600481606,35.4729807555488,35.4254682866054,4.24692256875601,4.25060731146869,15.4325001239777,0.459700000286102,0.00780286932803698
2025-01-05,96301.6227678571,11.4752404488162,2611021721473256,35.4985180038092,35.4729807555488,4.28289665297084,4.24692256875601,17.2024998664856,0.457225000858307,-0.0177632051952248
2025-01-12,99238.6450892857,11.5052827848436,2777520847577856,35.5603351432928,35.4985180038092,4.30843390123125,4.28289665297084,17.7750005722046,0.469249999523163,0.0012750506157051
2025-01-19,103771.416294643,11.5499458389079,2656235902879136,35.5156864414358,35.5603351432928,4.36416811171245,4.30843390123125,17.3180002212524,0.469180002212524,0.000877015999707353
2025-01-26,102514.587053571,11.5377603801529,2529014303190212,35.4666060182528,35.5156864414358,4.31951940985548,4.36416811171245,15.00750041008,0.460924994945526,0.0293787836793484
2025-02-02,97598.0714285714,11.4886130122528,2480371074143062,35.4471845705652,35.4666060182528,4.28996616798816,4.31951940985548,16.6279998779297,0.454299993515015,-0.00703618520622307
2025-02-09,97040.5892857143,11.4828846162058,2623399486882712,35.5032473857171,35.4471845705652,4.27249074760558,4.28996616798816,16.7280002593994,0.448100004196167,-0.000910076569835994
2025-02-16,96451.5446428571,11.4767960331653,2621919869577453,35.5026832189833,35.5032473857171,4.27399589301011,4.27249074760558,15.5180004119873,0.453280010223389,0.00703136407285498
2025-02-23,87983.4910714286,11.3849044744,2465127536025949,35.4410199398199,35.5026832189833,4.27343172627632,4.27399589301011,16.1224999427795,0.449975001811981,0.00291733461432742
2025-03-02,88716.9676339286,11.3932064423816,2380069479257528,35.4059060751333,35.4410199398199,4.24379851714251,4.27343172627632,19.653999710083,0.429119997024536,-0.0264012806116281
2025-03-09,82156.6462053571,11.3163830234839,2395082772933114,35.4121941859,35.4059060751333,4.20868465245596,4.24379851714251,23.292000579834,0.42515998840332,-0.0249258614567225
2025-03-16,84038.7176339286,11.339032895846,2427310093884813,35.4255600818844,35.4121941859,4.20077451315434,4.20868465245596,25.0880001068115,0.428020000457764,-0.0362910093635946
2025-03-23,86007.6729910714,11.3621917920821,2526617981559480,35.4656580371991,35.4255600818844,4.21414040913875,4.20077451315434,20.2380001068115,0.426560001373291,0.0124154867110597
2025-03-30,83284.25,11.3300147346476,2528682633293140,35.4664748637366,35.4656580371991,4.24000213728257,4.21414040913875,18.6599998474121,0.431999998092651,0.00827614008562882
2025-04-06,80659.1160714286,11.2979871096694,2365610928859294,35.3998127043662,35.4664748637366,4.22925416555882,4.24000213728257,28.1780006408691,0.41275999546051,-0.0409298116014725
2025-04-13,84334.3136160714,11.34254410288,2430253089637954,35.4267717989541,35.3998127043662,4.10824746989911,4.22925416555882,42.242000579834,0.434080009460449,-0.0468383392193168
2025-04-20,91877.9196428571,11.4282160144359,2488112161635394,35.4503006498147,35.4267717989541,4.13520656448696,4.10824746989911,30.8249998092651,0.432474994659424,0.0214989082058175
2025-04-27,95217.1283482143,11.46391512422,2346471180970456,35.3916889693789,35.4503006498147,4.14462568173234,4.13520656448696,28.8299999237061,0.43503999710083,0.00487734033912091
2025-05-04,99115.3526785714,11.5040396293944,2250592089025618,35.349969727187,35.3916889693789,4.08836002080477,4.14462568173234,24.2600002288818,0.422379999160767,0.0408097844117279
2025-05-11,103579.079241071,11.5480906505878,2385222045615402,35.4080686158043,35.349969727187,4.07828293280964,4.08836002080477,23.2659996032715,0.433480005264282,0.0093647753488213
2025-05-18,107896.2265625,11.5889251790175,2410199894049849,35.4184860825628,35.4080686158043,4.13638182142698,4.07828293280964,18.0599998474121,0.447599992752075,0.0445815138688079
2025-05-25,107078.735491071,11.5813196885533,2431308563032360,35.4272060106278,35.4184860825628,4.12568171506647,4.13638182142698,19.9340003967285,0.452279996871948,-0.00357027276303157
2025-06-01,104754.286830357,11.5593727613418,2574022343454580,35.4842461844877,35.4272060106278,4.11275733148413,4.12568171506647,19.0049996376038,0.443774998188019,0.00505423168279151
2025-06-08,107503.434151786,11.5852780716376,2758583561542852,35.5534937405668,35.4842461844877,4.14861176204976,4.11275733148413,17.7820003509521,0.443819999694824,0.00924353854355608
2025-06-15,104583.503348214,11.557741106399,3000299546989458,35.6374885275907,35.5534937405668,4.21785931812884,4.14861176204976,18.0420001983643,0.44297999382019,0.00909366411386259
2025-06-22,105906.848214286,11.5703151963003,2658159461157026,35.5164103463131,35.6374885275907,4.3063597310612,4.21785931812884,20.3675003051758,0.440425002574921,-0.00444618848122325
2025-06-29,107998.857142857,11.5898759240398,2481466603340736,35.4476261526107,35.5164103463131,4.18528154978358,4.3063597310612,17.3959999084473,0.428840007781982,0.0187813673857669
2025-07-06,112678.310267857,11.63229222603,2542472174631972,35.4719132996938,35.4476261526107,4.19422004607922,4.18528154978358,16.6449995040894,0.428050005435944,0.0199018826265149
2025-07-13,118673.508928571,11.6841313790142,2705316142315024,35.5339951736942,35.4719132996938,4.21850719316236,4.19422004607922,16.5439998626709,0.438420000076294,0.00390432552182141
2025-07-20,118205.993303571,11.6801840874366,2679036400823692,35.5242335728477,35.5339951736942,4.20397592832131,4.21850719316236,16.9340000152588,0.445319995880127,0.00355107264096688
2025-07-27,116390.215401786,11.6647037506241,2797513998853378,35.5675075601605,35.5242335728477,4.1892000886088,4.20397592832131,15.7680000305176,0.437800006866455,0.0112828965622427
2025-08-03,115592.140625,11.6578232452361,2642736382403361,35.510591283751,35.5675075601605,4.22686294815923,4.1892000886088,16.717999458313,0.434119997024536,-0.000794327315457366
2025-08-10,119257.779017857,11.6890426394772,2622171462102240,35.5027791717458,35.510591283751,4.16994667174974,4.22686294815923,16.7720001220703,0.422899990081787,8.54969674239925e-05
2025-08-17,115068.391741071,11.6532819413669,2621693712566734,35.5025969589997,35.5027791717458,4.1480116943121,4.16994667174974,15.0779998779297,0.428500003814697,0.0156631964543106
2025-08-24,110910.172991071,11.6164759003403,2662962381915752,35.5182155754376,35.5025969589997,4.14681048957706,4.1480116943121,15.4139999389648,0.430580005645752,-0.00344492686982711
2025-08-31,110287.197544643,11.6108431291002,2644928926903483,35.511420589124,35.5182155754376,4.16141115131378,4.14681048957706,14.810000038147,0.424099998474121,0.00792651129422239
2025-09-07,113754.939732143,11.6418017620869,2730548752538513,35.543278992164,35.511420589124,4.1546161650002,4.16141115131378,16.0000002384186,0.41875,-0.0012234973477252
2025-09-14,116101.75,11.6622222407851,2833889052698058,35.580426386753,35.543278992164,4.13874413394958,4.1546161650002,14.9940000534058,0.404479999542236,0.0123757454086775
2025-09-21,111691.685267857,11.6234975442191,2931027795532123,35.6141295398876,35.580426386753,4.15299075429725,4.13874413394958,15.7840000152588,0.407580003738403,0.0123698295186632
2025-09-28,117800.1796875,11.6767450755592,2898609227958722,35.6030074403035,35.6141295398876,4.1643058587449,4.15299075429725,16.189999961853,0.415379991531372,0.00356717131554518
2025-10-05,119828.584821429,11.6938175407214,2957708911960270,35.6231913473118,35.6030074403035,4.12377390328285,4.1643058587449,16.3940002441406,0.412039985656738,0.00764137562613953
2025-10-12,110884.966517857,11.6162486052483,2775217235648614,35.5595054221617,35.6231913473118,4.11538824018582,4.12377390328285,17.6,0.412340002059937,0.000125371857102152
2025-10-19,109738.0703125,11.6058516262821,2789999418642670,35.5648177823721,35.5595054221617,4.06546487261851,4.11538824018582,21.3139999389648,0.402039999961853,-0.00698150580339885
2025-10-26,111361.28125,11.6205349809798,2939619548942062,35.617056562766,35.5648177823721,4.08473184463382,4.06546487261851,17.6740001678467,0.397800002098083,0.0130473505837241
2025-11-02,104232.188616071,11.5543762724604,2998575298955500,35.6369136704297,35.617056562766,4.10591075412402,4.08473184463382,16.6960000991821,0.4046399974823,0.0182062595429535
2025-11-09,100717.331473214,11.5200731738598,2979109895000912,35.6304009578577,35.6369136704297,4.09564371592186,4.10591075412402,18.5520000457764,0.41076000213623,-0.0132063209572699
2025-11-16,89579.5379464286,11.4028822017488,2897201040955173,35.6025215075466,35.6304009578577,4.08913100334977,4.09564371592186,18.4440002441406,0.411099996566772,0.00390834191469125
2025-11-23,89427.4609375,11.401183083318,2850398913301246,35.5862353489758,35.6025215075466,4.08527018402597,4.08913100334977,24.1159999847412,0.411160001754761,-0.0276698130201058
2025-11-30,90342.2354910714,11.4113603542098,2834668527182275,35.5807014036257,35.5862353489758,4.06898402545515,4.08527018402597,18.1550002098083,0.40137500166893,0.0251465884415083
2025-12-07,91262.7087053571,11.4214975352305,2766765140473972,35.5564552133541,35.5807014036257,4.08314878894701,4.06898402545515,16.2199998855591,0.409720001220703,0.00890488277106094
2025-12-14,87213.2276785714,11.3761112919544,2663626876124660,35.5184650762645,35.5564552133541,4.06261305861016,4.08314878894701,15.9900001525879,0.417139987945557,0.00241879849685134
2025-12-21,87782.2935267857,11.3826150910256,2744339961058886,35.5483169896144,35.5184650762645,4.02834720025827,4.06261305861016,16.476000213623,0.414980010986328,-0.0103928445631247
2025-12-28,87728.234375,11.3819990692502,2742978716303496,35.5478208475592,35.5483169896144,4.0581991136082,4.02834720025827,13.7875001430511,0.415250015258789,0.0179650250938739
